Godot Engine v4.6.1.stable.official.14d19694e - https://godotengine.org

ERROR: Failed to read the root certificate store.
   at: get_system_ca_certificates (platform/windows/os_windows.cpp:2570)
SCRIPT ERROR: Parse Error: Identifier "BuildIdentityCatalog" not declared in the current scope.
   at: GDScript::reload (res://scripts/validation/content_validator.gd:400)
   GDScript backtrace (most recent call first):
       [0] _run_all (res://tests/run_all.gd:21)
SCRIPT ERROR: Compile Error: Failed to compile depended scripts.
   at: GDScript::reload (res://scripts/run/encounter_round_plan.gd:0)
   GDScript backtrace (most recent call first):
       [0] _run_all (res://tests/run_all.gd:21)
SCRIPT ERROR: Compile Error: Failed to compile depended scripts.
   at: GDScript::reload (res://scripts/rooms/room_definition.gd:0)
   GDScript backtrace (most recent call first):
       [0] _run_all (res://tests/run_all.gd:21)
SCRIPT ERROR: Compile Error: Failed to compile depended scripts.
   at: GDScript::reload (res://scripts/areas/area_definition.gd:0)
   GDScript backtrace (most recent call first):
       [0] _run_all (res://tests/run_all.gd:21)
SCRIPT ERROR: Compile Error: Failed to compile depended scripts.
   at: GDScript::reload (res://scripts/areas/area_catalog.gd:0)
   GDScript backtrace (most recent call first):
       [0] _run_all (res://tests/run_all.gd:21)
SCRIPT ERROR: Compile Error: Failed to compile depended scripts.
   at: GDScript::reload (res://tests/area_definition_test.gd:0)
   GDScript backtrace (most recent call first):
       [0] _run_all (res://tests/run_all.gd:21)
ERROR: Failed to load script "res://tests/area_definition_test.gd" with error "Compilation failed".
   at: load (modules/gdscript/gdscript.cpp:2907)
   GDScript backtrace (most recent call first):
       [0] _run_all (res://tests/run_all.gd:21)
SCRIPT ERROR: Invalid call. Nonexistent function 'new' in base 'GDScript'.
   at: AreaDefinition.validate (res://scripts/areas/area_definition.gd:60)
   GDScript backtrace (most recent call first):
       [0] validate (res://scripts/areas/area_definition.gd:60)
       [1] run (res://tests/area_definition_test.gd:30)
       [2] _run_all (res://tests/run_all.gd:27)
PASS area_definition_test.gd
SCRIPT ERROR: Invalid call. Nonexistent function 'new' in base 'GDScript'.
   at: CardCatalog.validate (res://scripts/cards/card_catalog.gd:112)
   GDScript backtrace (most recent call first):
       [0] validate (res://scripts/cards/card_catalog.gd:112)
       [1] start (res://scripts/run/area_run_session.gd:73)
       [2] _test_cross_area_entry_ignores_sample_defaults (res://tests/area_run_checkpoint_test.gd:23)
       [3] run (res://tests/area_run_checkpoint_test.gd:4)
       [4] _run_all (res://tests/run_all.gd:27)
SCRIPT ERROR: Invalid call. Nonexistent function 'new' in base 'GDScript'.
   at: DealerCatalog.validate (res://scripts/dealers/dealer_catalog.gd:57)
   GDScript backtrace (most recent call first):
       [0] validate (res://scripts/dealers/dealer_catalog.gd:57)
       [1] start (res://scripts/run/area_run_session.gd:74)
       [2] _test_cross_area_entry_ignores_sample_defaults (res://tests/area_run_checkpoint_test.gd:23)
       [3] run (res://tests/area_run_checkpoint_test.gd:4)
       [4] _run_all (res://tests/run_all.gd:27)
SCRIPT ERROR: Invalid call. Nonexistent function 'new' in base 'GDScript'.
   at: EngravingCatalog.validate (res://scripts/engravings/engraving_catalog.gd:78)
   GDScript backtrace (most recent call first):
       [0] validate (res://scripts/engravings/engraving_catalog.gd:78)
       [1] start (res://scripts/run/area_run_session.gd:75)
       [2] _test_cross_area_entry_ignores_sample_defaults (res://tests/area_run_checkpoint_test.gd:23)
       [3] run (res://tests/area_run_checkpoint_test.gd:4)
       [4] _run_all (res://tests/run_all.gd:27)
SCRIPT ERROR: Invalid call. Nonexistent function 'new' in base 'GDScript'.
   at: AreaDefinition.validate (res://scripts/areas/area_definition.gd:60)
   GDScript backtrace (most recent call first):
       [0] validate (res://scripts/areas/area_definition.gd:60)
       [1] start (res://scripts/run/area_run_session.gd:79)
       [2] _test_cross_area_entry_ignores_sample_defaults (res://tests/area_run_checkpoint_test.gd:23)
       [3] run (res://tests/area_run_checkpoint_test.gd:4)
       [4] _run_all (res://tests/run_all.gd:27)
SCRIPT ERROR: Invalid call. Nonexistent function 'new' in base 'GDScript'.
   at: CardCatalog.validate (res://scripts/cards/card_catalog.gd:112)
   GDScript backtrace (most recent call first):
       [0] validate (res://scripts/cards/card_catalog.gd:112)
       [1] start (res://scripts/run/area_run_session.gd:73)
       [2] _test_cross_area_entry_ignores_sample_defaults (res://tests/area_run_checkpoint_test.gd:33)
       [3] run (res://tests/area_run_checkpoint_test.gd:4)
       [4] _run_all (res://tests/run_all.gd:27)
SCRIPT ERROR: Invalid call. Nonexistent function 'new' in base 'GDScript'.
   at: DealerCatalog.validate (res://scripts/dealers/dealer_catalog.gd:57)
   GDScript backtrace (most recent call first):
       [0] validate (res://scripts/dealers/dealer_catalog.gd:57)
       [1] start (res://scripts/run/area_run_session.gd:74)
       [2] _test_cross_area_entry_ignores_sample_defaults (res://tests/area_run_checkpoint_test.gd:33)
       [3] run (res://tests/area_run_checkpoint_test.gd:4)
       [4] _run_all (res://tests/run_all.gd:27)
SCRIPT ERROR: Invalid call. Nonexistent function 'new' in base 'GDScript'.
   at: EngravingCatalog.validate (res://scripts/engravings/engraving_catalog.gd:78)
   GDScript backtrace (most recent call first):
       [0] validate (res://scripts/engravings/engraving_catalog.gd:78)
       [1] start (res://scripts/run/area_run_session.gd:75)
       [2] _test_cross_area_entry_ignores_sample_defaults (res://tests/area_run_checkpoint_test.gd:33)
       [3] run (res://tests/area_run_checkpoint_test.gd:4)
       [4] _run_all (res://tests/run_all.gd:27)
SCRIPT ERROR: Invalid call. Nonexistent function 'new' in base 'GDScript'.
   at: AreaDefinition.validate (res://scripts/areas/area_definition.gd:60)
   GDScript backtrace (most recent call first):
       [0] validate (res://scripts/areas/area_definition.gd:60)
       [1] start (res://scripts/run/area_run_session.gd:79)
       [2] _test_cross_area_entry_ignores_sample_defaults (res://tests/area_run_checkpoint_test.gd:33)
       [3] run (res://tests/area_run_checkpoint_test.gd:4)
       [4] _run_all (res://tests/run_all.gd:27)
SCRIPT ERROR: Invalid call. Nonexistent function 'new' in base 'GDScript'.
   at: CardCatalog.validate (res://scripts/cards/card_catalog.gd:112)
   GDScript backtrace (most recent call first):
       [0] validate (res://scripts/cards/card_catalog.gd:112)
       [1] start (res://scripts/run/area_run_session.gd:73)
       [2] _test_cross_area_market_keeps_two_offer_batches (res://tests/area_run_checkpoint_test.gd:76)
       [3] run (res://tests/area_run_checkpoint_test.gd:5)
       [4] _run_all (res://tests/run_all.gd:27)
SCRIPT ERROR: Invalid call. Nonexistent function 'new' in base 'GDScript'.
   at: DealerCatalog.validate (res://scripts/dealers/dealer_catalog.gd:57)
   GDScript backtrace (most recent call first):
       [0] validate (res://scripts/dealers/dealer_catalog.gd:57)
       [1] start (res://scripts/run/area_run_session.gd:74)
       [2] _test_cross_area_market_keeps_two_offer_batches (res://tests/area_run_checkpoint_test.gd:76)
       [3] run (res://tests/area_run_checkpoint_test.gd:5)
       [4] _run_all (res://tests/run_all.gd:27)
SCRIPT ERROR: Invalid call. Nonexistent function 'new' in base 'GDScript'.
   at: EngravingCatalog.validate (res://scripts/engravings/engraving_catalog.gd:78)
   GDScript backtrace (most recent call first):
       [0] validate (res://scripts/engravings/engraving_catalog.gd:78)
       [1] start (res://scripts/run/area_run_session.gd:75)
       [2] _test_cross_area_market_keeps_two_offer_batches (res://tests/area_run_checkpoint_test.gd:76)
       [3] run (res://tests/area_run_checkpoint_test.gd:5)
       [4] _run_all (res://tests/run_all.gd:27)
SCRIPT ERROR: Invalid call. Nonexistent function 'new' in base 'GDScript'.
   at: AreaDefinition.validate (res://scripts/areas/area_definition.gd:60)
   GDScript backtrace (most recent call first):
       [0] validate (res://scripts/areas/area_definition.gd:60)
       [1] start (res://scripts/run/area_run_session.gd:79)
       [2] _test_cross_area_market_keeps_two_offer_batches (res://tests/area_run_checkpoint_test.gd:76)
       [3] run (res://tests/area_run_checkpoint_test.gd:5)
       [4] _run_all (res://tests/run_all.gd:27)
SCRIPT ERROR: Invalid call. Nonexistent function 'new' in base 'GDScript'.
   at: CardCatalog.validate (res://scripts/cards/card_catalog.gd:112)
   GDScript backtrace (most recent call first):
       [0] validate (res://scripts/cards/card_catalog.gd:112)
       [1] start (res://scripts/run/area_run_session.gd:73)
       [2] _test_route_entry_checkpoint_replays_opening (res://tests/area_run_checkpoint_test.gd:47)
       [3] run (res://tests/area_run_checkpoint_test.gd:6)
       [4] _run_all (res://tests/run_all.gd:27)
SCRIPT ERROR: Invalid call. Nonexistent function 'new' in base 'GDScript'.
   at: DealerCatalog.validate (res://scripts/dealers/dealer_catalog.gd:57)
   GDScript backtrace (most recent call first):
       [0] validate (res://scripts/dealers/dealer_catalog.gd:57)
       [1] start (res://scripts/run/area_run_session.gd:74)
       [2] _test_route_entry_checkpoint_replays_opening (res://tests/area_run_checkpoint_test.gd:47)
       [3] run (res://tests/area_run_checkpoint_test.gd:6)
       [4] _run_all (res://tests/run_all.gd:27)
SCRIPT ERROR: Invalid call. Nonexistent function 'new' in base 'GDScript'.
   at: EngravingCatalog.validate (res://scripts/engravings/engraving_catalog.gd:78)
   GDScript backtrace (most recent call first):
       [0] validate (res://scripts/engravings/engraving_catalog.gd:78)
       [1] start (res://scripts/run/area_run_session.gd:75)
       [2] _test_route_entry_checkpoint_replays_opening (res://tests/area_run_checkpoint_test.gd:47)
       [3] run (res://tests/area_run_checkpoint_test.gd:6)
       [4] _run_all (res://tests/run_all.gd:27)
SCRIPT ERROR: Invalid call. Nonexistent function 'new' in base 'GDScript'.
   at: AreaDefinition.validate (res://scripts/areas/area_definition.gd:60)
   GDScript backtrace (most recent call first):
       [0] validate (res://scripts/areas/area_definition.gd:60)
       [1] start (res://scripts/run/area_run_session.gd:79)
       [2] _test_route_entry_checkpoint_replays_opening (res://tests/area_run_checkpoint_test.gd:47)
       [3] run (res://tests/area_run_checkpoint_test.gd:6)
       [4] _run_all (res://tests/run_all.gd:27)
SCRIPT ERROR: Invalid call. Nonexistent function 'new' in base 'GDScript'.
   at: CardCatalog.validate (res://scripts/cards/card_catalog.gd:112)
   GDScript backtrace (most recent call first):
       [0] validate (res://scripts/cards/card_catalog.gd:112)
       [1] start (res://scripts/run/three_round_encounter_session.gd:54)
       [2] _create_normal_room (res://scripts/run/area_run_session.gd:442)
       [3] select_route (res://scripts/run/area_run_session.gd:157)
       [4] _test_route_entry_checkpoint_replays_opening (res://tests/area_run_checkpoint_test.gd:49)
       [5] run (res://tests/area_run_checkpoint_test.gd:6)
       [6] _run_all (res://tests/run_all.gd:27)
SCRIPT ERROR: Invalid call. Nonexistent function 'new' in base 'GDScript'.
   at: ThreeRoundEncounterSession._validate_setup (res://scripts/run/three_round_encounter_session.gd:294)
   GDScript backtrace (most recent call first):
       [0] _validate_setup (res://scripts/run/three_round_encounter_session.gd:294)
       [1] start (res://scripts/run/three_round_encounter_session.gd:57)
       [2] _create_normal_room (res://scripts/run/area_run_session.gd:442)
       [3] select_route (res://scripts/run/area_run_session.gd:157)
       [4] _test_route_entry_checkpoint_replays_opening (res://tests/area_run_checkpoint_test.gd:49)
       [5] run (res://tests/area_run_checkpoint_test.gd:6)
       [6] _run_all (res://tests/run_all.gd:27)
SCRIPT ERROR: Invalid call. Nonexistent function 'new' in base 'GDScript'.
   at: CardCatalog.validate (res://scripts/cards/card_catalog.gd:112)
   GDScript backtrace (most recent call first):
       [0] validate (res://scripts/cards/card_catalog.gd:112)
       [1] start (res://scripts/run/three_round_encounter_session.gd:54)
       [2] _create_normal_room (res://scripts/run/area_run_session.gd:442)
       [3] select_route (res://scripts/run/area_run_session.gd:157)
       [4] _restore_checkpoint_in_place (res://scripts/run/area_run_session.gd:631)
       [5] restore_checkpoint (res://scripts/run/area_run_session.gd:409)
       [6] _test_route_entry_checkpoint_replays_opening (res://tests/area_run_checkpoint_test.gd:54)
       [7] run (res://tests/area_run_checkpoint_test.gd:6)
       [8] _run_all (res://tests/run_all.gd:27)
SCRIPT ERROR: Invalid call. Nonexistent function 'new' in base 'GDScript'.
   at: ThreeRoundEncounterSession._validate_setup (res://scripts/run/three_round_encounter_session.gd:294)
   GDScript backtrace (most recent call first):
       [0] _validate_setup (res://scripts/run/three_round_encounter_session.gd:294)
       [1] start (res://scripts/run/three_round_encounter_session.gd:57)
       [2] _create_normal_room (res://scripts/run/area_run_session.gd:442)
       [3] select_route (res://scripts/run/area_run_session.gd:157)
       [4] _restore_checkpoint_in_place (res://scripts/run/area_run_session.gd:631)
       [5] restore_checkpoint (res://scripts/run/area_run_session.gd:409)
       [6] _test_route_entry_checkpoint_replays_opening (res://tests/area_run_checkpoint_test.gd:54)
       [7] run (res://tests/area_run_checkpoint_test.gd:6)
       [8] _run_all (res://tests/run_all.gd:27)
SCRIPT ERROR: Invalid call. Nonexistent function 'new' in base 'GDScript'.
   at: CardCatalog.validate (res://scripts/cards/card_catalog.gd:112)
   GDScript backtrace (most recent call first):
       [0] validate (res://scripts/cards/card_catalog.gd:112)
       [1] start (res://scripts/run/area_run_session.gd:73)
       [2] _test_boundary_restore_is_atomic (res://tests/area_run_checkpoint_test.gd:87)
       [3] run (res://tests/area_run_checkpoint_test.gd:7)
       [4] _run_all (res://tests/run_all.gd:27)
SCRIPT ERROR: Invalid call. Nonexistent function 'new' in base 'GDScript'.
   at: DealerCatalog.validate (res://scripts/dealers/dealer_catalog.gd:57)
   GDScript backtrace (most recent call first):
       [0] validate (res://scripts/dealers/dealer_catalog.gd:57)
       [1] start (res://scripts/run/area_run_session.gd:74)
       [2] _test_boundary_restore_is_atomic (res://tests/area_run_checkpoint_test.gd:87)
       [3] run (res://tests/area_run_checkpoint_test.gd:7)
       [4] _run_all (res://tests/run_all.gd:27)
SCRIPT ERROR: Invalid call. Nonexistent function 'new' in base 'GDScript'.
   at: EngravingCatalog.validate (res://scripts/engravings/engraving_catalog.gd:78)
   GDScript backtrace (most recent call first):
       [0] validate (res://scripts/engravings/engraving_catalog.gd:78)
       [1] start (res://scripts/run/area_run_session.gd:75)
       [2] _test_boundary_restore_is_atomic (res://tests/area_run_checkpoint_test.gd:87)
       [3] run (res://tests/area_run_checkpoint_test.gd:7)
       [4] _run_all (res://tests/run_all.gd:27)
SCRIPT ERROR: Invalid call. Nonexistent function 'new' in base 'GDScript'.
   at: AreaDefinition.validate (res://scripts/areas/area_definition.gd:60)
   GDScript backtrace (most recent call first):
       [0] validate (res://scripts/areas/area_definition.gd:60)
       [1] start (res://scripts/run/area_run_session.gd:79)
       [2] _test_boundary_restore_is_atomic (res://tests/area_run_checkpoint_test.gd:87)
       [3] run (res://tests/area_run_checkpoint_test.gd:7)
       [4] _run_all (res://tests/run_all.gd:27)
PASS area_run_checkpoint_test.gd
PASS area_run_ui_contract_test.gd
SCRIPT ERROR: Parse Error: Identifier "BuildIdentityCatalog" not declared in the current scope.
   at: GDScript::reload (res://tests/build_identity_test.gd:4)
   GDScript backtrace (most recent call first):
       [0] _run_all (res://tests/run_all.gd:21)
SCRIPT ERROR: Parse Error: Cannot infer the type of "identities" variable because the value doesn't have a set type.
   at: GDScript::reload (res://tests/build_identity_test.gd:4)
   GDScript backtrace (most recent call first):
       [0] _run_all (res://tests/run_all.gd:21)
SCRIPT ERROR: Parse Error: Cannot infer the type of "identity_id" variable because the value doesn't have a set type.
   at: GDScript::reload (res://tests/build_identity_test.gd:21)
   GDScript backtrace (most recent call first):
       [0] _run_all (res://tests/run_all.gd:21)
SCRIPT ERROR: Parse Error: Cannot infer the type of "deck_counts" variable because the value doesn't have a set type.
   at: GDScript::reload (res://tests/build_identity_test.gd:51)
   GDScript backtrace (most recent call first):
       [0] _run_all (res://tests/run_all.gd:21)
ERROR: Failed to load script "res://tests/build_identity_test.gd" with error "Parse error".
   at: load (modules/gdscript/gdscript.cpp:2907)
   GDScript backtrace (most recent call first):
       [0] _run_all (res://tests/run_all.gd:21)
ERROR: build_identity_test.gd: failed to load test suite
   at: push_error (core/variant/variant_utility.cpp:1024)
   GDScript backtrace (most recent call first):
       [0] _run_all (res://tests/run_all.gd:23)
PASS card_rules_test.gd
PASS card_suit_catalog_test.gd
SCRIPT ERROR: Invalid call. Nonexistent function 'new' in base 'GDScript'.
   at: run (res://tests/content_validator_test.gd:34)
   GDScript backtrace (most recent call first):
       [0] run (res://tests/content_validator_test.gd:34)
       [1] _run_all (res://tests/run_all.gd:27)
PASS content_validator_test.gd
PASS dealer_and_engraving_resolution_test.gd
SCRIPT ERROR: Invalid call. Nonexistent function 'new' in base 'GDScript'.
   at: CardCatalog.validate (res://scripts/cards/card_catalog.gd:112)
   GDScript backtrace (most recent call first):
       [0] validate (res://scripts/cards/card_catalog.gd:112)
       [1] start (res://scripts/run/area_run_session.gd:73)
       [2] _prepared_reward_session (res://tests/dealer_reward_choice_test.gd:77)
       [3] _test_rare_card_reward_replaces_one_card (res://tests/dealer_reward_choice_test.gd:9)
       [4] run (res://tests/dealer_reward_choice_test.gd:4)
       [5] _run_all (res://tests/run_all.gd:27)
SCRIPT ERROR: Invalid call. Nonexistent function 'new' in base 'GDScript'.
   at: DealerCatalog.validate (res://scripts/dealers/dealer_catalog.gd:57)
   GDScript backtrace (most recent call first):
       [0] validate (res://scripts/dealers/dealer_catalog.gd:57)
       [1] start (res://scripts/run/area_run_session.gd:74)
       [2] _prepared_reward_session (res://tests/dealer_reward_choice_test.gd:77)
       [3] _test_rare_card_reward_replaces_one_card (res://tests/dealer_reward_choice_test.gd:9)
       [4] run (res://tests/dealer_reward_choice_test.gd:4)
       [5] _run_all (res://tests/run_all.gd:27)
SCRIPT ERROR: Invalid call. Nonexistent function 'new' in base 'GDScript'.
   at: EngravingCatalog.validate (res://scripts/engravings/engraving_catalog.gd:78)
   GDScript backtrace (most recent call first):
       [0] validate (res://scripts/engravings/engraving_catalog.gd:78)
       [1] start (res://scripts/run/area_run_session.gd:75)
       [2] _prepared_reward_session (res://tests/dealer_reward_choice_test.gd:77)
       [3] _test_rare_card_reward_replaces_one_card (res://tests/dealer_reward_choice_test.gd:9)
       [4] run (res://tests/dealer_reward_choice_test.gd:4)
       [5] _run_all (res://tests/run_all.gd:27)
SCRIPT ERROR: Invalid call. Nonexistent function 'new' in base 'GDScript'.
   at: AreaDefinition.validate (res://scripts/areas/area_definition.gd:60)
   GDScript backtrace (most recent call first):
       [0] validate (res://scripts/areas/area_definition.gd:60)
       [1] start (res://scripts/run/area_run_session.gd:79)
       [2] _prepared_reward_session (res://tests/dealer_reward_choice_test.gd:77)
       [3] _test_rare_card_reward_replaces_one_card (res://tests/dealer_reward_choice_test.gd:9)
       [4] run (res://tests/dealer_reward_choice_test.gd:4)
       [5] _run_all (res://tests/run_all.gd:27)
SCRIPT ERROR: Invalid call. Nonexistent function '_prepare_dealer_rewards' in base 'RefCounted (AreaRunSession)'.
   at: _prepared_reward_session (res://tests/dealer_reward_choice_test.gd:79)
   GDScript backtrace (most recent call first):
       [0] _prepared_reward_session (res://tests/dealer_reward_choice_test.gd:79)
       [1] _test_rare_card_reward_replaces_one_card (res://tests/dealer_reward_choice_test.gd:9)
       [2] run (res://tests/dealer_reward_choice_test.gd:4)
       [3] _run_all (res://tests/run_all.gd:27)
SCRIPT ERROR: Invalid access to property or key 'rare_card_offer_ids' on a base object of type 'Nil'.
   at: _test_rare_card_reward_replaces_one_card (res://tests/dealer_reward_choice_test.gd:10)
   GDScript backtrace (most recent call first):
       [0] _test_rare_card_reward_replaces_one_card (res://tests/dealer_reward_choice_test.gd:10)
       [1] run (res://tests/dealer_reward_choice_test.gd:4)
       [2] _run_all (res://tests/run_all.gd:27)
SCRIPT ERROR: Invalid call. Nonexistent function 'new' in base 'GDScript'.
   at: CardCatalog.validate (res://scripts/cards/card_catalog.gd:112)
   GDScript backtrace (most recent call first):
       [0] validate (res://scripts/cards/card_catalog.gd:112)
       [1] start (res://scripts/run/area_run_session.gd:73)
       [2] _prepared_reward_session (res://tests/dealer_reward_choice_test.gd:77)
       [3] _test_reward_offers_restore_without_rerolling (res://tests/dealer_reward_choice_test.gd:39)
       [4] run (res://tests/dealer_reward_choice_test.gd:5)
       [5] _run_all (res://tests/run_all.gd:27)
SCRIPT ERROR: Invalid call. Nonexistent function 'new' in base 'GDScript'.
   at: DealerCatalog.validate (res://scripts/dealers/dealer_catalog.gd:57)
   GDScript backtrace (most recent call first):
       [0] validate (res://scripts/dealers/dealer_catalog.gd:57)
       [1] start (res://scripts/run/area_run_session.gd:74)
       [2] _prepared_reward_session (res://tests/dealer_reward_choice_test.gd:77)
       [3] _test_reward_offers_restore_without_rerolling (res://tests/dealer_reward_choice_test.gd:39)
       [4] run (res://tests/dealer_reward_choice_test.gd:5)
       [5] _run_all (res://tests/run_all.gd:27)
SCRIPT ERROR: Invalid call. Nonexistent function 'new' in base 'GDScript'.
   at: EngravingCatalog.validate (res://scripts/engravings/engraving_catalog.gd:78)
   GDScript backtrace (most recent call first):
       [0] validate (res://scripts/engravings/engraving_catalog.gd:78)
       [1] start (res://scripts/run/area_run_session.gd:75)
       [2] _prepared_reward_session (res://tests/dealer_reward_choice_test.gd:77)
       [3] _test_reward_offers_restore_without_rerolling (res://tests/dealer_reward_choice_test.gd:39)
       [4] run (res://tests/dealer_reward_choice_test.gd:5)
       [5] _run_all (res://tests/run_all.gd:27)
SCRIPT ERROR: Invalid call. Nonexistent function 'new' in base 'GDScript'.
   at: AreaDefinition.validate (res://scripts/areas/area_definition.gd:60)
   GDScript backtrace (most recent call first):
       [0] validate (res://scripts/areas/area_definition.gd:60)
       [1] start (res://scripts/run/area_run_session.gd:79)
       [2] _prepared_reward_session (res://tests/dealer_reward_choice_test.gd:77)
       [3] _test_reward_offers_restore_without_rerolling (res://tests/dealer_reward_choice_test.gd:39)
       [4] run (res://tests/dealer_reward_choice_test.gd:5)
       [5] _run_all (res://tests/run_all.gd:27)
SCRIPT ERROR: Invalid call. Nonexistent function '_prepare_dealer_rewards' in base 'RefCounted (AreaRunSession)'.
   at: _prepared_reward_session (res://tests/dealer_reward_choice_test.gd:79)
   GDScript backtrace (most recent call first):
       [0] _prepared_reward_session (res://tests/dealer_reward_choice_test.gd:79)
       [1] _test_reward_offers_restore_without_rerolling (res://tests/dealer_reward_choice_test.gd:39)
       [2] run (res://tests/dealer_reward_choice_test.gd:5)
       [3] _run_all (res://tests/run_all.gd:27)
SCRIPT ERROR: Invalid call. Nonexistent function 'checkpoint_snapshot' in base 'Nil'.
   at: _test_reward_offers_restore_without_rerolling (res://tests/dealer_reward_choice_test.gd:40)
   GDScript backtrace (most recent call first):
       [0] _test_reward_offers_restore_without_rerolling (res://tests/dealer_reward_choice_test.gd:40)
       [1] run (res://tests/dealer_reward_choice_test.gd:5)
       [2] _run_all (res://tests/run_all.gd:27)
SCRIPT ERROR: Invalid call. Nonexistent function 'new' in base 'GDScript'.
   at: CardCatalog.validate (res://scripts/cards/card_catalog.gd:112)
   GDScript backtrace (most recent call first):
       [0] validate (res://scripts/cards/card_catalog.gd:112)
       [1] start (res://scripts/run/area_run_session.gd:73)
       [2] _prepared_reward_session (res://tests/dealer_reward_choice_test.gd:77)
       [3] _test_engraving_path_still_completes (res://tests/dealer_reward_choice_test.gd:58)
       [4] run (res://tests/dealer_reward_choice_test.gd:6)
       [5] _run_all (res://tests/run_all.gd:27)
SCRIPT ERROR: Invalid call. Nonexistent function 'new' in base 'GDScript'.
   at: DealerCatalog.validate (res://scripts/dealers/dealer_catalog.gd:57)
   GDScript backtrace (most recent call first):
       [0] validate (res://scripts/dealers/dealer_catalog.gd:57)
       [1] start (res://scripts/run/area_run_session.gd:74)
       [2] _prepared_reward_session (res://tests/dealer_reward_choice_test.gd:77)
       [3] _test_engraving_path_still_completes (res://tests/dealer_reward_choice_test.gd:58)
       [4] run (res://tests/dealer_reward_choice_test.gd:6)
       [5] _run_all (res://tests/run_all.gd:27)
SCRIPT ERROR: Invalid call. Nonexistent function 'new' in base 'GDScript'.
   at: EngravingCatalog.validate (res://scripts/engravings/engraving_catalog.gd:78)
   GDScript backtrace (most recent call first):
       [0] validate (res://scripts/engravings/engraving_catalog.gd:78)
       [1] start (res://scripts/run/area_run_session.gd:75)
       [2] _prepared_reward_session (res://tests/dealer_reward_choice_test.gd:77)
       [3] _test_engraving_path_still_completes (res://tests/dealer_reward_choice_test.gd:58)
       [4] run (res://tests/dealer_reward_choice_test.gd:6)
       [5] _run_all (res://tests/run_all.gd:27)
SCRIPT ERROR: Invalid call. Nonexistent function 'new' in base 'GDScript'.
   at: AreaDefinition.validate (res://scripts/areas/area_definition.gd:60)
   GDScript backtrace (most recent call first):
       [0] validate (res://scripts/areas/area_definition.gd:60)
       [1] start (res://scripts/run/area_run_session.gd:79)
       [2] _prepared_reward_session (res://tests/dealer_reward_choice_test.gd:77)
       [3] _test_engraving_path_still_completes (res://tests/dealer_reward_choice_test.gd:58)
       [4] run (res://tests/dealer_reward_choice_test.gd:6)
       [5] _run_all (res://tests/run_all.gd:27)
SCRIPT ERROR: Invalid call. Nonexistent function '_prepare_dealer_rewards' in base 'RefCounted (AreaRunSession)'.
   at: _prepared_reward_session (res://tests/dealer_reward_choice_test.gd:79)
   GDScript backtrace (most recent call first):
       [0] _prepared_reward_session (res://tests/dealer_reward_choice_test.gd:79)
       [1] _test_engraving_path_still_completes (res://tests/dealer_reward_choice_test.gd:58)
       [2] run (res://tests/dealer_reward_choice_test.gd:6)
       [3] _run_all (res://tests/run_all.gd:27)
SCRIPT ERROR: Invalid access to property or key 'engraving_offer_ids' on a base object of type 'Nil'.
   at: _test_engraving_path_still_completes (res://tests/dealer_reward_choice_test.gd:59)
   GDScript backtrace (most recent call first):
       [0] _test_engraving_path_still_completes (res://tests/dealer_reward_choice_test.gd:59)
       [1] run (res://tests/dealer_reward_choice_test.gd:6)
       [2] _run_all (res://tests/run_all.gd:27)
PASS dealer_reward_choice_test.gd
PASS deterministic_state_primitives_test.gd
PASS engraving_action_guard_test.gd
PASS engraving_installation_service_test.gd
SCRIPT ERROR: Invalid call. Nonexistent function 'new' in base 'GDScript'.
   at: CardCatalog.validate (res://scripts/cards/card_catalog.gd:112)
   GDScript backtrace (most recent call first):
       [0] validate (res://scripts/cards/card_catalog.gd:112)
       [1] start (res://scripts/run/area_run_session.gd:73)
       [2] _test_three_real_area_sessions_flow_in_order (res://tests/expedition_flow_test.gd:23)
       [3] run (res://tests/expedition_flow_test.gd:6)
       [4] _run_all (res://tests/run_all.gd:27)
SCRIPT ERROR: Invalid call. Nonexistent function 'new' in base 'GDScript'.
   at: DealerCatalog.validate (res://scripts/dealers/dealer_catalog.gd:57)
   GDScript backtrace (most recent call first):
       [0] validate (res://scripts/dealers/dealer_catalog.gd:57)
       [1] start (res://scripts/run/area_run_session.gd:74)
       [2] _test_three_real_area_sessions_flow_in_order (res://tests/expedition_flow_test.gd:23)
       [3] run (res://tests/expedition_flow_test.gd:6)
       [4] _run_all (res://tests/run_all.gd:27)
SCRIPT ERROR: Invalid call. Nonexistent function 'new' in base 'GDScript'.
   at: EngravingCatalog.validate (res://scripts/engravings/engraving_catalog.gd:78)
   GDScript backtrace (most recent call first):
       [0] validate (res://scripts/engravings/engraving_catalog.gd:78)
       [1] start (res://scripts/run/area_run_session.gd:75)
       [2] _test_three_real_area_sessions_flow_in_order (res://tests/expedition_flow_test.gd:23)
       [3] run (res://tests/expedition_flow_test.gd:6)
       [4] _run_all (res://tests/run_all.gd:27)
SCRIPT ERROR: Invalid call. Nonexistent function 'new' in base 'GDScript'.
   at: AreaDefinition.validate (res://scripts/areas/area_definition.gd:60)
   GDScript backtrace (most recent call first):
       [0] validate (res://scripts/areas/area_definition.gd:60)
       [1] start (res://scripts/run/area_run_session.gd:79)
       [2] _test_three_real_area_sessions_flow_in_order (res://tests/expedition_flow_test.gd:23)
       [3] run (res://tests/expedition_flow_test.gd:6)
       [4] _run_all (res://tests/run_all.gd:27)
SCRIPT ERROR: Invalid call. Nonexistent function 'new' in base 'GDScript'.
   at: CardCatalog.validate (res://scripts/cards/card_catalog.gd:112)
   GDScript backtrace (most recent call first):
       [0] validate (res://scripts/cards/card_catalog.gd:112)
       [1] start (res://scripts/run/three_round_encounter_session.gd:54)
       [2] _create_normal_room (res://scripts/run/area_run_session.gd:442)
       [3] select_route (res://scripts/run/area_run_session.gd:157)
       [4] _test_three_real_area_sessions_flow_in_order (res://tests/expedition_flow_test.gd:25)
       [5] run (res://tests/expedition_flow_test.gd:6)
       [6] _run_all (res://tests/run_all.gd:27)
SCRIPT ERROR: Invalid call. Nonexistent function 'new' in base 'GDScript'.
   at: ThreeRoundEncounterSession._validate_setup (res://scripts/run/three_round_encounter_session.gd:294)
   GDScript backtrace (most recent call first):
       [0] _validate_setup (res://scripts/run/three_round_encounter_session.gd:294)
       [1] start (res://scripts/run/three_round_encounter_session.gd:57)
       [2] _create_normal_room (res://scripts/run/area_run_session.gd:442)
       [3] select_route (res://scripts/run/area_run_session.gd:157)
       [4] _test_three_real_area_sessions_flow_in_order (res://tests/expedition_flow_test.gd:25)
       [5] run (res://tests/expedition_flow_test.gd:6)
       [6] _run_all (res://tests/run_all.gd:27)
SCRIPT ERROR: Invalid call. Nonexistent function 'new' in base 'GDScript'.
   at: CardCatalog.validate (res://scripts/cards/card_catalog.gd:112)
   GDScript backtrace (most recent call first):
       [0] validate (res://scripts/cards/card_catalog.gd:112)
       [1] start (res://scripts/run/three_round_encounter_session.gd:54)
       [2] _create_normal_room (res://scripts/run/area_run_session.gd:442)
       [3] select_route (res://scripts/run/area_run_session.gd:157)
       [4] _test_three_real_area_sessions_flow_in_order (res://tests/expedition_flow_test.gd:25)
       [5] run (res://tests/expedition_flow_test.gd:6)
       [6] _run_all (res://tests/run_all.gd:27)
SCRIPT ERROR: Invalid call. Nonexistent function 'new' in base 'GDScript'.
   at: ThreeRoundEncounterSession._validate_setup (res://scripts/run/three_round_encounter_session.gd:294)
   GDScript backtrace (most recent call first):
       [0] _validate_setup (res://scripts/run/three_round_encounter_session.gd:294)
       [1] start (res://scripts/run/three_round_encounter_session.gd:57)
       [2] _create_normal_room (res://scripts/run/area_run_session.gd:442)
       [3] select_route (res://scripts/run/area_run_session.gd:157)
       [4] _test_three_real_area_sessions_flow_in_order (res://tests/expedition_flow_test.gd:25)
       [5] run (res://tests/expedition_flow_test.gd:6)
       [6] _run_all (res://tests/run_all.gd:27)
SCRIPT ERROR: Invalid call. Nonexistent function 'new' in base 'GDScript'.
   at: CardCatalog.validate (res://scripts/cards/card_catalog.gd:112)
   GDScript backtrace (most recent call first):
       [0] validate (res://scripts/cards/card_catalog.gd:112)
       [1] start (res://scripts/run/three_round_encounter_session.gd:54)
       [2] _create_dealer (res://scripts/run/area_run_session.gd:478)
       [3] leave_shop (res://scripts/run/area_run_session.gd:312)
       [4] _test_three_real_area_sessions_flow_in_order (res://tests/expedition_flow_test.gd:36)
       [5] run (res://tests/expedition_flow_test.gd:6)
       [6] _run_all (res://tests/run_all.gd:27)
SCRIPT ERROR: Invalid call. Nonexistent function 'new' in base 'GDScript'.
   at: ThreeRoundEncounterSession._validate_setup (res://scripts/run/three_round_encounter_session.gd:294)
   GDScript backtrace (most recent call first):
       [0] _validate_setup (res://scripts/run/three_round_encounter_session.gd:294)
       [1] start (res://scripts/run/three_round_encounter_session.gd:57)
       [2] _create_dealer (res://scripts/run/area_run_session.gd:478)
       [3] leave_shop (res://scripts/run/area_run_session.gd:312)
       [4] _test_three_real_area_sessions_flow_in_order (res://tests/expedition_flow_test.gd:36)
       [5] run (res://tests/expedition_flow_test.gd:6)
       [6] _run_all (res://tests/run_all.gd:27)
SCRIPT ERROR: Invalid call. Nonexistent function 'new' in base 'GDScript'.
   at: CardCatalog.validate (res://scripts/cards/card_catalog.gd:112)
   GDScript backtrace (most recent call first):
       [0] validate (res://scripts/cards/card_catalog.gd:112)
       [1] start (res://scripts/run/area_run_session.gd:73)
       [2] _test_three_real_area_sessions_flow_in_order (res://tests/expedition_flow_test.gd:23)
       [3] run (res://tests/expedition_flow_test.gd:6)
       [4] _run_all (res://tests/run_all.gd:27)
SCRIPT ERROR: Invalid call. Nonexistent function 'new' in base 'GDScript'.
   at: DealerCatalog.validate (res://scripts/dealers/dealer_catalog.gd:57)
   GDScript backtrace (most recent call first):
       [0] validate (res://scripts/dealers/dealer_catalog.gd:57)
       [1] start (res://scripts/run/area_run_session.gd:74)
       [2] _test_three_real_area_sessions_flow_in_order (res://tests/expedition_flow_test.gd:23)
       [3] run (res://tests/expedition_flow_test.gd:6)
       [4] _run_all (res://tests/run_all.gd:27)
SCRIPT ERROR: Invalid call. Nonexistent function 'new' in base 'GDScript'.
   at: EngravingCatalog.validate (res://scripts/engravings/engraving_catalog.gd:78)
   GDScript backtrace (most recent call first):
       [0] validate (res://scripts/engravings/engraving_catalog.gd:78)
       [1] start (res://scripts/run/area_run_session.gd:75)
       [2] _test_three_real_area_sessions_flow_in_order (res://tests/expedition_flow_test.gd:23)
       [3] run (res://tests/expedition_flow_test.gd:6)
       [4] _run_all (res://tests/run_all.gd:27)
SCRIPT ERROR: Invalid call. Nonexistent function 'new' in base 'GDScript'.
   at: AreaDefinition.validate (res://scripts/areas/area_definition.gd:60)
   GDScript backtrace (most recent call first):
       [0] validate (res://scripts/areas/area_definition.gd:60)
       [1] start (res://scripts/run/area_run_session.gd:79)
       [2] _test_three_real_area_sessions_flow_in_order (res://tests/expedition_flow_test.gd:23)
       [3] run (res://tests/expedition_flow_test.gd:6)
       [4] _run_all (res://tests/run_all.gd:27)
SCRIPT ERROR: Invalid call. Nonexistent function 'new' in base 'GDScript'.
   at: CardCatalog.validate (res://scripts/cards/card_catalog.gd:112)
   GDScript backtrace (most recent call first):
       [0] validate (res://scripts/cards/card_catalog.gd:112)
       [1] start (res://scripts/run/three_round_encounter_session.gd:54)
       [2] _create_normal_room (res://scripts/run/area_run_session.gd:442)
       [3] select_route (res://scripts/run/area_run_session.gd:157)
       [4] _test_three_real_area_sessions_flow_in_order (res://tests/expedition_flow_test.gd:25)
       [5] run (res://tests/expedition_flow_test.gd:6)
       [6] _run_all (res://tests/run_all.gd:27)
SCRIPT ERROR: Invalid call. Nonexistent function 'new' in base 'GDScript'.
   at: ThreeRoundEncounterSession._validate_setup (res://scripts/run/three_round_encounter_session.gd:294)
   GDScript backtrace (most recent call first):
       [0] _validate_setup (res://scripts/run/three_round_encounter_session.gd:294)
       [1] start (res://scripts/run/three_round_encounter_session.gd:57)
       [2] _create_normal_room (res://scripts/run/area_run_session.gd:442)
       [3] select_route (res://scripts/run/area_run_session.gd:157)
       [4] _test_three_real_area_sessions_flow_in_order (res://tests/expedition_flow_test.gd:25)
       [5] run (res://tests/expedition_flow_test.gd:6)
       [6] _run_all (res://tests/run_all.gd:27)
SCRIPT ERROR: Invalid call. Nonexistent function 'new' in base 'GDScript'.
   at: CardCatalog.validate (res://scripts/cards/card_catalog.gd:112)
   GDScript backtrace (most recent call first):
       [0] validate (res://scripts/cards/card_catalog.gd:112)
       [1] start (res://scripts/run/three_round_encounter_session.gd:54)
       [2] _create_normal_room (res://scripts/run/area_run_session.gd:442)
       [3] select_route (res://scripts/run/area_run_session.gd:157)
       [4] _test_three_real_area_sessions_flow_in_order (res://tests/expedition_flow_test.gd:25)
       [5] run (res://tests/expedition_flow_test.gd:6)
       [6] _run_all (res://tests/run_all.gd:27)
SCRIPT ERROR: Invalid call. Nonexistent function 'new' in base 'GDScript'.
   at: ThreeRoundEncounterSession._validate_setup (res://scripts/run/three_round_encounter_session.gd:294)
   GDScript backtrace (most recent call first):
       [0] _validate_setup (res://scripts/run/three_round_encounter_session.gd:294)
       [1] start (res://scripts/run/three_round_encounter_session.gd:57)
       [2] _create_normal_room (res://scripts/run/area_run_session.gd:442)
       [3] select_route (res://scripts/run/area_run_session.gd:157)
       [4] _test_three_real_area_sessions_flow_in_order (res://tests/expedition_flow_test.gd:25)
       [5] run (res://tests/expedition_flow_test.gd:6)
       [6] _run_all (res://tests/run_all.gd:27)
SCRIPT ERROR: Invalid call. Nonexistent function 'new' in base 'GDScript'.
   at: CardCatalog.validate (res://scripts/cards/card_catalog.gd:112)
   GDScript backtrace (most recent call first):
       [0] validate (res://scripts/cards/card_catalog.gd:112)
       [1] start (res://scripts/run/three_round_encounter_session.gd:54)
       [2] _create_dealer (res://scripts/run/area_run_session.gd:478)
       [3] leave_shop (res://scripts/run/area_run_session.gd:312)
       [4] _test_three_real_area_sessions_flow_in_order (res://tests/expedition_flow_test.gd:36)
       [5] run (res://tests/expedition_flow_test.gd:6)
       [6] _run_all (res://tests/run_all.gd:27)
SCRIPT ERROR: Invalid call. Nonexistent function 'new' in base 'GDScript'.
   at: ThreeRoundEncounterSession._validate_setup (res://scripts/run/three_round_encounter_session.gd:294)
   GDScript backtrace (most recent call first):
       [0] _validate_setup (res://scripts/run/three_round_encounter_session.gd:294)
       [1] start (res://scripts/run/three_round_encounter_session.gd:57)
       [2] _create_dealer (res://scripts/run/area_run_session.gd:478)
       [3] leave_shop (res://scripts/run/area_run_session.gd:312)
       [4] _test_three_real_area_sessions_flow_in_order (res://tests/expedition_flow_test.gd:36)
       [5] run (res://tests/expedition_flow_test.gd:6)
       [6] _run_all (res://tests/run_all.gd:27)
SCRIPT ERROR: Invalid call. Nonexistent function 'new' in base 'GDScript'.
   at: CardCatalog.validate (res://scripts/cards/card_catalog.gd:112)
   GDScript backtrace (most recent call first):
       [0] validate (res://scripts/cards/card_catalog.gd:112)
       [1] start (res://scripts/run/area_run_session.gd:73)
       [2] _test_three_real_area_sessions_flow_in_order (res://tests/expedition_flow_test.gd:23)
       [3] run (res://tests/expedition_flow_test.gd:6)
       [4] _run_all (res://tests/run_all.gd:27)
SCRIPT ERROR: Invalid call. Nonexistent function 'new' in base 'GDScript'.
   at: DealerCatalog.validate (res://scripts/dealers/dealer_catalog.gd:57)
   GDScript backtrace (most recent call first):
       [0] validate (res://scripts/dealers/dealer_catalog.gd:57)
       [1] start (res://scripts/run/area_run_session.gd:74)
       [2] _test_three_real_area_sessions_flow_in_order (res://tests/expedition_flow_test.gd:23)
       [3] run (res://tests/expedition_flow_test.gd:6)
       [4] _run_all (res://tests/run_all.gd:27)
SCRIPT ERROR: Invalid call. Nonexistent function 'new' in base 'GDScript'.
   at: EngravingCatalog.validate (res://scripts/engravings/engraving_catalog.gd:78)
   GDScript backtrace (most recent call first):
       [0] validate (res://scripts/engravings/engraving_catalog.gd:78)
       [1] start (res://scripts/run/area_run_session.gd:75)
       [2] _test_three_real_area_sessions_flow_in_order (res://tests/expedition_flow_test.gd:23)
       [3] run (res://tests/expedition_flow_test.gd:6)
       [4] _run_all (res://tests/run_all.gd:27)
SCRIPT ERROR: Invalid call. Nonexistent function 'new' in base 'GDScript'.
   at: AreaDefinition.validate (res://scripts/areas/area_definition.gd:60)
   GDScript backtrace (most recent call first):
       [0] validate (res://scripts/areas/area_definition.gd:60)
       [1] start (res://scripts/run/area_run_session.gd:79)
       [2] _test_three_real_area_sessions_flow_in_order (res://tests/expedition_flow_test.gd:23)
       [3] run (res://tests/expedition_flow_test.gd:6)
       [4] _run_all (res://tests/run_all.gd:27)
SCRIPT ERROR: Invalid call. Nonexistent function 'new' in base 'GDScript'.
   at: CardCatalog.validate (res://scripts/cards/card_catalog.gd:112)
   GDScript backtrace (most recent call first):
       [0] validate (res://scripts/cards/card_catalog.gd:112)
       [1] start (res://scripts/run/three_round_encounter_session.gd:54)
       [2] _create_normal_room (res://scripts/run/area_run_session.gd:442)
       [3] select_route (res://scripts/run/area_run_session.gd:157)
       [4] _test_three_real_area_sessions_flow_in_order (res://tests/expedition_flow_test.gd:25)
       [5] run (res://tests/expedition_flow_test.gd:6)
       [6] _run_all (res://tests/run_all.gd:27)
SCRIPT ERROR: Invalid call. Nonexistent function 'new' in base 'GDScript'.
   at: ThreeRoundEncounterSession._validate_setup (res://scripts/run/three_round_encounter_session.gd:294)
   GDScript backtrace (most recent call first):
       [0] _validate_setup (res://scripts/run/three_round_encounter_session.gd:294)
       [1] start (res://scripts/run/three_round_encounter_session.gd:57)
       [2] _create_normal_room (res://scripts/run/area_run_session.gd:442)
       [3] select_route (res://scripts/run/area_run_session.gd:157)
       [4] _test_three_real_area_sessions_flow_in_order (res://tests/expedition_flow_test.gd:25)
       [5] run (res://tests/expedition_flow_test.gd:6)
       [6] _run_all (res://tests/run_all.gd:27)
SCRIPT ERROR: Invalid call. Nonexistent function 'new' in base 'GDScript'.
   at: CardCatalog.validate (res://scripts/cards/card_catalog.gd:112)
   GDScript backtrace (most recent call first):
       [0] validate (res://scripts/cards/card_catalog.gd:112)
       [1] start (res://scripts/run/three_round_encounter_session.gd:54)
       [2] _create_normal_room (res://scripts/run/area_run_session.gd:442)
       [3] select_route (res://scripts/run/area_run_session.gd:157)
       [4] _test_three_real_area_sessions_flow_in_order (res://tests/expedition_flow_test.gd:25)
       [5] run (res://tests/expedition_flow_test.gd:6)
       [6] _run_all (res://tests/run_all.gd:27)
SCRIPT ERROR: Invalid call. Nonexistent function 'new' in base 'GDScript'.
   at: EncounterRoundPlan.validate (res://scripts/run/encounter_round_plan.gd:22)
   GDScript backtrace (most recent call first):
       [0] validate (res://scripts/run/encounter_round_plan.gd:22)
       [1] _validate_setup (res://scripts/run/three_round_encounter_session.gd:256)
       [2] start (res://scripts/run/three_round_encounter_session.gd:57)
       [3] _create_normal_room (res://scripts/run/area_run_session.gd:442)
       [4] select_route (res://scripts/run/area_run_session.gd:157)
       [5] _test_three_real_area_sessions_flow_in_order (res://tests/expedition_flow_test.gd:25)
       [6] run (res://tests/expedition_flow_test.gd:6)
       [7] _run_all (res://tests/run_all.gd:27)
SCRIPT ERROR: Invalid call. Nonexistent function 'new' in base 'GDScript'.
   at: EncounterRoundPlan.validate (res://scripts/run/encounter_round_plan.gd:22)
   GDScript backtrace (most recent call first):
       [0] validate (res://scripts/run/encounter_round_plan.gd:22)
       [1] _validate_setup (res://scripts/run/three_round_encounter_session.gd:256)
       [2] start (res://scripts/run/three_round_encounter_session.gd:57)
       [3] _create_normal_room (res://scripts/run/area_run_session.gd:442)
       [4] select_route (res://scripts/run/area_run_session.gd:157)
       [5] _test_three_real_area_sessions_flow_in_order (res://tests/expedition_flow_test.gd:25)
       [6] run (res://tests/expedition_flow_test.gd:6)
       [7] _run_all (res://tests/run_all.gd:27)
SCRIPT ERROR: Invalid call. Nonexistent function 'new' in base 'GDScript'.
   at: ThreeRoundEncounterSession._validate_setup (res://scripts/run/three_round_encounter_session.gd:294)
   GDScript backtrace (most recent call first):
       [0] _validate_setup (res://scripts/run/three_round_encounter_session.gd:294)
       [1] start (res://scripts/run/three_round_encounter_session.gd:57)
       [2] _create_normal_room (res://scripts/run/area_run_session.gd:442)
       [3] select_route (res://scripts/run/area_run_session.gd:157)
       [4] _test_three_real_area_sessions_flow_in_order (res://tests/expedition_flow_test.gd:25)
       [5] run (res://tests/expedition_flow_test.gd:6)
       [6] _run_all (res://tests/run_all.gd:27)
SCRIPT ERROR: Invalid call. Nonexistent function 'new' in base 'GDScript'.
   at: CardCatalog.validate (res://scripts/cards/card_catalog.gd:112)
   GDScript backtrace (most recent call first):
       [0] validate (res://scripts/cards/card_catalog.gd:112)
       [1] start (res://scripts/run/three_round_encounter_session.gd:54)
       [2] _create_dealer (res://scripts/run/area_run_session.gd:478)
       [3] leave_shop (res://scripts/run/area_run_session.gd:312)
       [4] _test_three_real_area_sessions_flow_in_order (res://tests/expedition_flow_test.gd:36)
       [5] run (res://tests/expedition_flow_test.gd:6)
       [6] _run_all (res://tests/run_all.gd:27)
SCRIPT ERROR: Invalid call. Nonexistent function 'new' in base 'GDScript'.
   at: EncounterRoundPlan.validate (res://scripts/run/encounter_round_plan.gd:22)
   GDScript backtrace (most recent call first):
       [0] validate (res://scripts/run/encounter_round_plan.gd:22)
       [1] validate (res://scripts/run/dealer_round_schedule.gd:30)
       [2] _validate_setup (res://scripts/run/three_round_encounter_session.gd:260)
       [3] start (res://scripts/run/three_round_encounter_session.gd:57)
       [4] _create_dealer (res://scripts/run/area_run_session.gd:478)
       [5] leave_shop (res://scripts/run/area_run_session.gd:312)
       [6] _test_three_real_area_sessions_flow_in_order (res://tests/expedition_flow_test.gd:36)
       [7] run (res://tests/expedition_flow_test.gd:6)
       [8] _run_all (res://tests/run_all.gd:27)
SCRIPT ERROR: Invalid call. Nonexistent function 'new' in base 'GDScript'.
   at: EncounterRoundPlan.validate (res://scripts/run/encounter_round_plan.gd:22)
   GDScript backtrace (most recent call first):
       [0] validate (res://scripts/run/encounter_round_plan.gd:22)
       [1] validate (res://scripts/run/dealer_round_schedule.gd:30)
       [2] _validate_setup (res://scripts/run/three_round_encounter_session.gd:260)
       [3] start (res://scripts/run/three_round_encounter_session.gd:57)
       [4] _create_dealer (res://scripts/run/area_run_session.gd:478)
       [5] leave_shop (res://scripts/run/area_run_session.gd:312)
       [6] _test_three_real_area_sessions_flow_in_order (res://tests/expedition_flow_test.gd:36)
       [7] run (res://tests/expedition_flow_test.gd:6)
       [8] _run_all (res://tests/run_all.gd:27)
SCRIPT ERROR: Invalid call. Nonexistent function 'new' in base 'GDScript'.
   at: EncounterRoundPlan.validate (res://scripts/run/encounter_round_plan.gd:22)
   GDScript backtrace (most recent call first):
       [0] validate (res://scripts/run/encounter_round_plan.gd:22)
       [1] validate (res://scripts/run/dealer_round_schedule.gd:30)
       [2] _validate_setup (res://scripts/run/three_round_encounter_session.gd:260)
       [3] start (res://scripts/run/three_round_encounter_session.gd:57)
       [4] _create_dealer (res://scripts/run/area_run_session.gd:478)
       [5] leave_shop (res://scripts/run/area_run_session.gd:312)
       [6] _test_three_real_area_sessions_flow_in_order (res://tests/expedition_flow_test.gd:36)
       [7] run (res://tests/expedition_flow_test.gd:6)
       [8] _run_all (res://tests/run_all.gd:27)
ERROR: expedition_flow_test.gd: next encounter round should start
   at: push_error (core/variant/variant_utility.cpp:1024)
   GDScript backtrace (most recent call first):
       [0] _run_all (res://tests/run_all.gd:32)
ERROR: expedition_flow_test.gd: area should accept committed report
   at: push_error (core/variant/variant_utility.cpp:1024)
   GDScript backtrace (most recent call first):
       [0] _run_all (res://tests/run_all.gd:32)
ERROR: expedition_flow_test.gd: next encounter round should start
   at: push_error (core/variant/variant_utility.cpp:1024)
   GDScript backtrace (most recent call first):
       [0] _run_all (res://tests/run_all.gd:32)
ERROR: expedition_flow_test.gd: area should accept committed report
   at: push_error (core/variant/variant_utility.cpp:1024)
   GDScript backtrace (most recent call first):
       [0] _run_all (res://tests/run_all.gd:32)
ERROR: ConfigFile parse error at C:\Users\Administrator\AppData\Local\Temp/project-joker-expedition-save-test-1422471.cfg:0: Unexpected EOF while parsing simple tag.
   at: _parse (core/io/config_file.cpp:292)
   GDScript backtrace (most recent call first):
       [0] _load_path (res://scripts/run/expedition_save_store.gd:102)
       [1] load_snapshot (res://scripts/run/expedition_save_store.gd:73)
       [2] _test_corrupt_file_is_preserved (res://tests/expedition_save_store_test.gd:31)
       [3] run (res://tests/expedition_save_store_test.gd:10)
       [4] _run_all (res://tests/run_all.gd:27)
ERROR: ConfigFile parse error at C:\Users\Administrator\AppData\Local\Temp/project-joker-expedition-save-test-1422471.cfg:0: Unexpected EOF while parsing simple tag.
   at: _parse (core/io/config_file.cpp:292)
   GDScript backtrace (most recent call first):
       [0] _load_path (res://scripts/run/expedition_save_store.gd:102)
       [1] load_snapshot (res://scripts/run/expedition_save_store.gd:73)
       [2] archive_corrupt (res://scripts/run/expedition_save_store.gd:88)
       [3] _test_corrupt_file_is_preserved (res://tests/expedition_save_store_test.gd:34)
       [4] run (res://tests/expedition_save_store_test.gd:10)
       [5] _run_all (res://tests/run_all.gd:27)
PASS expedition_save_store_test.gd
SCRIPT ERROR: Invalid call. Nonexistent function 'new' in base 'GDScript'.
   at: CardCatalog.validate (res://scripts/cards/card_catalog.gd:112)
   GDScript backtrace (most recent call first):
       [0] validate (res://scripts/cards/card_catalog.gd:112)
       [1] start (res://scripts/run/area_run_session.gd:73)
       [2] _test_snapshot_round_trip (res://tests/expedition_session_test.gd:66)
       [3] run (res://tests/expedition_session_test.gd:8)
       [4] _run_all (res://tests/run_all.gd:27)
SCRIPT ERROR: Invalid call. Nonexistent function 'new' in base 'GDScript'.
   at: DealerCatalog.validate (res://scripts/dealers/dealer_catalog.gd:57)
   GDScript backtrace (most recent call first):
       [0] validate (res://scripts/dealers/dealer_catalog.gd:57)
       [1] start (res://scripts/run/area_run_session.gd:74)
       [2] _test_snapshot_round_trip (res://tests/expedition_session_test.gd:66)
       [3] run (res://tests/expedition_session_test.gd:8)
       [4] _run_all (res://tests/run_all.gd:27)
SCRIPT ERROR: Invalid call. Nonexistent function 'new' in base 'GDScript'.
   at: EngravingCatalog.validate (res://scripts/engravings/engraving_catalog.gd:78)
   GDScript backtrace (most recent call first):
       [0] validate (res://scripts/engravings/engraving_catalog.gd:78)
       [1] start (res://scripts/run/area_run_session.gd:75)
       [2] _test_snapshot_round_trip (res://tests/expedition_session_test.gd:66)
       [3] run (res://tests/expedition_session_test.gd:8)
       [4] _run_all (res://tests/run_all.gd:27)
SCRIPT ERROR: Invalid call. Nonexistent function 'new' in base 'GDScript'.
   at: AreaDefinition.validate (res://scripts/areas/area_definition.gd:60)
   GDScript backtrace (most recent call first):
       [0] validate (res://scripts/areas/area_definition.gd:60)
       [1] start (res://scripts/run/area_run_session.gd:79)
       [2] _test_snapshot_round_trip (res://tests/expedition_session_test.gd:66)
       [3] run (res://tests/expedition_session_test.gd:8)
       [4] _run_all (res://tests/run_all.gd:27)
PASS expedition_session_test.gd
PASS expedition_ui_contract_test.gd
PASS explicit_slot_assignment_test.gd
SCRIPT ERROR: Invalid call. Nonexistent function 'new' in base 'GDScript'.
   at: CardCatalog.validate (res://scripts/cards/card_catalog.gd:112)
   GDScript backtrace (most recent call first):
       [0] validate (res://scripts/cards/card_catalog.gd:112)
       [1] run (res://tests/faceless_card_catalog_test.gd:30)
       [2] _run_all (res://tests/run_all.gd:27)
PASS faceless_card_catalog_test.gd
PASS faceless_condition_card_effects_test.gd
PASS faceless_die_card_effects_test.gd
SCRIPT ERROR: Invalid call. Nonexistent function 'new' in base 'GDScript'.
   at: EngravingCatalog.validate (res://scripts/engravings/engraving_catalog.gd:78)
   GDScript backtrace (most recent call first):
       [0] validate (res://scripts/engravings/engraving_catalog.gd:78)
       [1] _test_catalog_contract (res://tests/faceless_engraving_resolution_test.gd:16)
       [2] run (res://tests/faceless_engraving_resolution_test.gd:4)
       [3] _run_all (res://tests/run_all.gd:27)
PASS faceless_engraving_resolution_test.gd
SCRIPT ERROR: Invalid call. Nonexistent function 'new' in base 'GDScript'.
   at: CardCatalog.validate (res://scripts/cards/card_catalog.gd:112)
   GDScript backtrace (most recent call first):
       [0] validate (res://scripts/cards/card_catalog.gd:112)
       [1] start (res://scripts/run/area_run_session.gd:73)
       [2] _test_fixed_build_starts (res://tests/faceless_hub_area_run_test.gd:11)
       [3] run (res://tests/faceless_hub_area_run_test.gd:6)
       [4] _run_all (res://tests/run_all.gd:27)
SCRIPT ERROR: Invalid call. Nonexistent function 'new' in base 'GDScript'.
   at: DealerCatalog.validate (res://scripts/dealers/dealer_catalog.gd:57)
   GDScript backtrace (most recent call first):
       [0] validate (res://scripts/dealers/dealer_catalog.gd:57)
       [1] start (res://scripts/run/area_run_session.gd:74)
       [2] _test_fixed_build_starts (res://tests/faceless_hub_area_run_test.gd:11)
       [3] run (res://tests/faceless_hub_area_run_test.gd:6)
       [4] _run_all (res://tests/run_all.gd:27)
SCRIPT ERROR: Invalid call. Nonexistent function 'new' in base 'GDScript'.
   at: EngravingCatalog.validate (res://scripts/engravings/engraving_catalog.gd:78)
   GDScript backtrace (most recent call first):
       [0] validate (res://scripts/engravings/engraving_catalog.gd:78)
       [1] start (res://scripts/run/area_run_session.gd:75)
       [2] _test_fixed_build_starts (res://tests/faceless_hub_area_run_test.gd:11)
       [3] run (res://tests/faceless_hub_area_run_test.gd:6)
       [4] _run_all (res://tests/run_all.gd:27)
SCRIPT ERROR: Invalid call. Nonexistent function 'new' in base 'GDScript'.
   at: AreaDefinition.validate (res://scripts/areas/area_definition.gd:60)
   GDScript backtrace (most recent call first):
       [0] validate (res://scripts/areas/area_definition.gd:60)
       [1] start (res://scripts/run/area_run_session.gd:79)
       [2] _test_fixed_build_starts (res://tests/faceless_hub_area_run_test.gd:11)
       [3] run (res://tests/faceless_hub_area_run_test.gd:6)
       [4] _run_all (res://tests/run_all.gd:27)
SCRIPT ERROR: Invalid call. Nonexistent function 'new' in base 'GDScript'.
   at: CardCatalog.validate (res://scripts/cards/card_catalog.gd:112)
   GDScript backtrace (most recent call first):
       [0] validate (res://scripts/cards/card_catalog.gd:112)
       [1] start (res://scripts/run/area_run_session.gd:73)
       [2] _test_all_route_combinations_complete (res://tests/faceless_hub_area_run_test.gd:30)
       [3] run (res://tests/faceless_hub_area_run_test.gd:7)
       [4] _run_all (res://tests/run_all.gd:27)
SCRIPT ERROR: Invalid call. Nonexistent function 'new' in base 'GDScript'.
   at: DealerCatalog.validate (res://scripts/dealers/dealer_catalog.gd:57)
   GDScript backtrace (most recent call first):
       [0] validate (res://scripts/dealers/dealer_catalog.gd:57)
       [1] start (res://scripts/run/area_run_session.gd:74)
       [2] _test_all_route_combinations_complete (res://tests/faceless_hub_area_run_test.gd:30)
       [3] run (res://tests/faceless_hub_area_run_test.gd:7)
       [4] _run_all (res://tests/run_all.gd:27)
SCRIPT ERROR: Invalid call. Nonexistent function 'new' in base 'GDScript'.
   at: EngravingCatalog.validate (res://scripts/engravings/engraving_catalog.gd:78)
   GDScript backtrace (most recent call first):
       [0] validate (res://scripts/engravings/engraving_catalog.gd:78)
       [1] start (res://scripts/run/area_run_session.gd:75)
       [2] _test_all_route_combinations_complete (res://tests/faceless_hub_area_run_test.gd:30)
       [3] run (res://tests/faceless_hub_area_run_test.gd:7)
       [4] _run_all (res://tests/run_all.gd:27)
SCRIPT ERROR: Invalid call. Nonexistent function 'new' in base 'GDScript'.
   at: AreaDefinition.validate (res://scripts/areas/area_definition.gd:60)
   GDScript backtrace (most recent call first):
       [0] validate (res://scripts/areas/area_definition.gd:60)
       [1] start (res://scripts/run/area_run_session.gd:79)
       [2] _test_all_route_combinations_complete (res://tests/faceless_hub_area_run_test.gd:30)
       [3] run (res://tests/faceless_hub_area_run_test.gd:7)
       [4] _run_all (res://tests/run_all.gd:27)
SCRIPT ERROR: Invalid call. Nonexistent function 'new' in base 'GDScript'.
   at: CardCatalog.validate (res://scripts/cards/card_catalog.gd:112)
   GDScript backtrace (most recent call first):
       [0] validate (res://scripts/cards/card_catalog.gd:112)
       [1] start (res://scripts/run/three_round_encounter_session.gd:54)
       [2] _create_normal_room (res://scripts/run/area_run_session.gd:442)
       [3] select_route (res://scripts/run/area_run_session.gd:157)
       [4] _test_all_route_combinations_complete (res://tests/faceless_hub_area_run_test.gd:33)
       [5] run (res://tests/faceless_hub_area_run_test.gd:7)
       [6] _run_all (res://tests/run_all.gd:27)
SCRIPT ERROR: Invalid call. Nonexistent function 'new' in base 'GDScript'.
   at: ThreeRoundEncounterSession._validate_setup (res://scripts/run/three_round_encounter_session.gd:294)
   GDScript backtrace (most recent call first):
       [0] _validate_setup (res://scripts/run/three_round_encounter_session.gd:294)
       [1] start (res://scripts/run/three_round_encounter_session.gd:57)
       [2] _create_normal_room (res://scripts/run/area_run_session.gd:442)
       [3] select_route (res://scripts/run/area_run_session.gd:157)
       [4] _test_all_route_combinations_complete (res://tests/faceless_hub_area_run_test.gd:33)
       [5] run (res://tests/faceless_hub_area_run_test.gd:7)
       [6] _run_all (res://tests/run_all.gd:27)
SCRIPT ERROR: Invalid call. Nonexistent function 'new' in base 'GDScript'.
   at: CardCatalog.validate (res://scripts/cards/card_catalog.gd:112)
   GDScript backtrace (most recent call first):
       [0] validate (res://scripts/cards/card_catalog.gd:112)
       [1] start (res://scripts/run/three_round_encounter_session.gd:54)
       [2] _create_normal_room (res://scripts/run/area_run_session.gd:442)
       [3] select_route (res://scripts/run/area_run_session.gd:157)
       [4] _test_all_route_combinations_complete (res://tests/faceless_hub_area_run_test.gd:33)
       [5] run (res://tests/faceless_hub_area_run_test.gd:7)
       [6] _run_all (res://tests/run_all.gd:27)
SCRIPT ERROR: Invalid call. Nonexistent function 'new' in base 'GDScript'.
   at: EncounterRoundPlan.validate (res://scripts/run/encounter_round_plan.gd:22)
   GDScript backtrace (most recent call first):
       [0] validate (res://scripts/run/encounter_round_plan.gd:22)
       [1] _validate_setup (res://scripts/run/three_round_encounter_session.gd:256)
       [2] start (res://scripts/run/three_round_encounter_session.gd:57)
       [3] _create_normal_room (res://scripts/run/area_run_session.gd:442)
       [4] select_route (res://scripts/run/area_run_session.gd:157)
       [5] _test_all_route_combinations_complete (res://tests/faceless_hub_area_run_test.gd:33)
       [6] run (res://tests/faceless_hub_area_run_test.gd:7)
       [7] _run_all (res://tests/run_all.gd:27)
SCRIPT ERROR: Invalid call. Nonexistent function 'new' in base 'GDScript'.
   at: EncounterRoundPlan.validate (res://scripts/run/encounter_round_plan.gd:22)
   GDScript backtrace (most recent call first):
       [0] validate (res://scripts/run/encounter_round_plan.gd:22)
       [1] _validate_setup (res://scripts/run/three_round_encounter_session.gd:256)
       [2] start (res://scripts/run/three_round_encounter_session.gd:57)
       [3] _create_normal_room (res://scripts/run/area_run_session.gd:442)
       [4] select_route (res://scripts/run/area_run_session.gd:157)
       [5] _test_all_route_combinations_complete (res://tests/faceless_hub_area_run_test.gd:33)
       [6] run (res://tests/faceless_hub_area_run_test.gd:7)
       [7] _run_all (res://tests/run_all.gd:27)
SCRIPT ERROR: Invalid call. Nonexistent function 'new' in base 'GDScript'.
   at: ThreeRoundEncounterSession._validate_setup (res://scripts/run/three_round_encounter_session.gd:294)
   GDScript backtrace (most recent call first):
       [0] _validate_setup (res://scripts/run/three_round_encounter_session.gd:294)
       [1] start (res://scripts/run/three_round_encounter_session.gd:57)
       [2] _create_normal_room (res://scripts/run/area_run_session.gd:442)
       [3] select_route (res://scripts/run/area_run_session.gd:157)
       [4] _test_all_route_combinations_complete (res://tests/faceless_hub_area_run_test.gd:33)
       [5] run (res://tests/faceless_hub_area_run_test.gd:7)
       [6] _run_all (res://tests/run_all.gd:27)
SCRIPT ERROR: Invalid call. Nonexistent function 'new' in base 'GDScript'.
   at: CardCatalog.validate (res://scripts/cards/card_catalog.gd:112)
   GDScript backtrace (most recent call first):
       [0] validate (res://scripts/cards/card_catalog.gd:112)
       [1] start (res://scripts/run/three_round_encounter_session.gd:54)
       [2] _create_dealer (res://scripts/run/area_run_session.gd:478)
       [3] leave_shop (res://scripts/run/area_run_session.gd:312)
       [4] _test_all_route_combinations_complete (res://tests/faceless_hub_area_run_test.gd:55)
       [5] run (res://tests/faceless_hub_area_run_test.gd:7)
       [6] _run_all (res://tests/run_all.gd:27)
SCRIPT ERROR: Invalid call. Nonexistent function 'new' in base 'GDScript'.
   at: EncounterRoundPlan.validate (res://scripts/run/encounter_round_plan.gd:22)
   GDScript backtrace (most recent call first):
       [0] validate (res://scripts/run/encounter_round_plan.gd:22)
       [1] validate (res://scripts/run/dealer_round_schedule.gd:30)
       [2] _validate_setup (res://scripts/run/three_round_encounter_session.gd:260)
       [3] start (res://scripts/run/three_round_encounter_session.gd:57)
       [4] _create_dealer (res://scripts/run/area_run_session.gd:478)
       [5] leave_shop (res://scripts/run/area_run_session.gd:312)
       [6] _test_all_route_combinations_complete (res://tests/faceless_hub_area_run_test.gd:55)
       [7] run (res://tests/faceless_hub_area_run_test.gd:7)
       [8] _run_all (res://tests/run_all.gd:27)
SCRIPT ERROR: Invalid call. Nonexistent function 'new' in base 'GDScript'.
   at: EncounterRoundPlan.validate (res://scripts/run/encounter_round_plan.gd:22)
   GDScript backtrace (most recent call first):
       [0] validate (res://scripts/run/encounter_round_plan.gd:22)
       [1] validate (res://scripts/run/dealer_round_schedule.gd:30)
       [2] _validate_setup (res://scripts/run/three_round_encounter_session.gd:260)
       [3] start (res://scripts/run/three_round_encounter_session.gd:57)
       [4] _create_dealer (res://scripts/run/area_run_session.gd:478)
       [5] leave_shop (res://scripts/run/area_run_session.gd:312)
       [6] _test_all_route_combinations_complete (res://tests/faceless_hub_area_run_test.gd:55)
       [7] run (res://tests/faceless_hub_area_run_test.gd:7)
       [8] _run_all (res://tests/run_all.gd:27)
SCRIPT ERROR: Invalid call. Nonexistent function 'new' in base 'GDScript'.
   at: EncounterRoundPlan.validate (res://scripts/run/encounter_round_plan.gd:22)
   GDScript backtrace (most recent call first):
       [0] validate (res://scripts/run/encounter_round_plan.gd:22)
       [1] validate (res://scripts/run/dealer_round_schedule.gd:30)
       [2] _validate_setup (res://scripts/run/three_round_encounter_session.gd:260)
       [3] start (res://scripts/run/three_round_encounter_session.gd:57)
       [4] _create_dealer (res://scripts/run/area_run_session.gd:478)
       [5] leave_shop (res://scripts/run/area_run_session.gd:312)
       [6] _test_all_route_combinations_complete (res://tests/faceless_hub_area_run_test.gd:55)
       [7] run (res://tests/faceless_hub_area_run_test.gd:7)
       [8] _run_all (res://tests/run_all.gd:27)
SCRIPT ERROR: Invalid call. Nonexistent function 'new' in base 'GDScript'.
   at: CardCatalog.validate (res://scripts/cards/card_catalog.gd:112)
   GDScript backtrace (most recent call first):
       [0] validate (res://scripts/cards/card_catalog.gd:112)
       [1] start (res://scripts/run/area_run_session.gd:73)
       [2] _test_all_route_combinations_complete (res://tests/faceless_hub_area_run_test.gd:30)
       [3] run (res://tests/faceless_hub_area_run_test.gd:7)
       [4] _run_all (res://tests/run_all.gd:27)
SCRIPT ERROR: Invalid call. Nonexistent function 'new' in base 'GDScript'.
   at: DealerCatalog.validate (res://scripts/dealers/dealer_catalog.gd:57)
   GDScript backtrace (most recent call first):
       [0] validate (res://scripts/dealers/dealer_catalog.gd:57)
       [1] start (res://scripts/run/area_run_session.gd:74)
       [2] _test_all_route_combinations_complete (res://tests/faceless_hub_area_run_test.gd:30)
       [3] run (res://tests/faceless_hub_area_run_test.gd:7)
       [4] _run_all (res://tests/run_all.gd:27)
SCRIPT ERROR: Invalid call. Nonexistent function 'new' in base 'GDScript'.
   at: EngravingCatalog.validate (res://scripts/engravings/engraving_catalog.gd:78)
   GDScript backtrace (most recent call first):
       [0] validate (res://scripts/engravings/engraving_catalog.gd:78)
       [1] start (res://scripts/run/area_run_session.gd:75)
       [2] _test_all_route_combinations_complete (res://tests/faceless_hub_area_run_test.gd:30)
       [3] run (res://tests/faceless_hub_area_run_test.gd:7)
       [4] _run_all (res://tests/run_all.gd:27)
SCRIPT ERROR: Invalid call. Nonexistent function 'new' in base 'GDScript'.
   at: AreaDefinition.validate (res://scripts/areas/area_definition.gd:60)
   GDScript backtrace (most recent call first):
       [0] validate (res://scripts/areas/area_definition.gd:60)
       [1] start (res://scripts/run/area_run_session.gd:79)
       [2] _test_all_route_combinations_complete (res://tests/faceless_hub_area_run_test.gd:30)
       [3] run (res://tests/faceless_hub_area_run_test.gd:7)
       [4] _run_all (res://tests/run_all.gd:27)
SCRIPT ERROR: Invalid call. Nonexistent function 'new' in base 'GDScript'.
   at: CardCatalog.validate (res://scripts/cards/card_catalog.gd:112)
   GDScript backtrace (most recent call first):
       [0] validate (res://scripts/cards/card_catalog.gd:112)
       [1] start (res://scripts/run/three_round_encounter_session.gd:54)
       [2] _create_normal_room (res://scripts/run/area_run_session.gd:442)
       [3] select_route (res://scripts/run/area_run_session.gd:157)
       [4] _test_all_route_combinations_complete (res://tests/faceless_hub_area_run_test.gd:33)
       [5] run (res://tests/faceless_hub_area_run_test.gd:7)
       [6] _run_all (res://tests/run_all.gd:27)
SCRIPT ERROR: Invalid call. Nonexistent function 'new' in base 'GDScript'.
   at: ThreeRoundEncounterSession._validate_setup (res://scripts/run/three_round_encounter_session.gd:294)
   GDScript backtrace (most recent call first):
       [0] _validate_setup (res://scripts/run/three_round_encounter_session.gd:294)
       [1] start (res://scripts/run/three_round_encounter_session.gd:57)
       [2] _create_normal_room (res://scripts/run/area_run_session.gd:442)
       [3] select_route (res://scripts/run/area_run_session.gd:157)
       [4] _test_all_route_combinations_complete (res://tests/faceless_hub_area_run_test.gd:33)
       [5] run (res://tests/faceless_hub_area_run_test.gd:7)
       [6] _run_all (res://tests/run_all.gd:27)
SCRIPT ERROR: Invalid call. Nonexistent function 'new' in base 'GDScript'.
   at: CardCatalog.validate (res://scripts/cards/card_catalog.gd:112)
   GDScript backtrace (most recent call first):
       [0] validate (res://scripts/cards/card_catalog.gd:112)
       [1] start (res://scripts/run/three_round_encounter_session.gd:54)
       [2] _create_normal_room (res://scripts/run/area_run_session.gd:442)
       [3] select_route (res://scripts/run/area_run_session.gd:157)
       [4] _test_all_route_combinations_complete (res://tests/faceless_hub_area_run_test.gd:33)
       [5] run (res://tests/faceless_hub_area_run_test.gd:7)
       [6] _run_all (res://tests/run_all.gd:27)
SCRIPT ERROR: Invalid call. Nonexistent function 'new' in base 'GDScript'.
   at: ThreeRoundEncounterSession._validate_setup (res://scripts/run/three_round_encounter_session.gd:294)
   GDScript backtrace (most recent call first):
       [0] _validate_setup (res://scripts/run/three_round_encounter_session.gd:294)
       [1] start (res://scripts/run/three_round_encounter_session.gd:57)
       [2] _create_normal_room (res://scripts/run/area_run_session.gd:442)
       [3] select_route (res://scripts/run/area_run_session.gd:157)
       [4] _test_all_route_combinations_complete (res://tests/faceless_hub_area_run_test.gd:33)
       [5] run (res://tests/faceless_hub_area_run_test.gd:7)
       [6] _run_all (res://tests/run_all.gd:27)
SCRIPT ERROR: Invalid call. Nonexistent function 'new' in base 'GDScript'.
   at: CardCatalog.validate (res://scripts/cards/card_catalog.gd:112)
   GDScript backtrace (most recent call first):
       [0] validate (res://scripts/cards/card_catalog.gd:112)
       [1] start (res://scripts/run/three_round_encounter_session.gd:54)
       [2] _create_dealer (res://scripts/run/area_run_session.gd:478)
       [3] leave_shop (res://scripts/run/area_run_session.gd:312)
       [4] _test_all_route_combinations_complete (res://tests/faceless_hub_area_run_test.gd:55)
       [5] run (res://tests/faceless_hub_area_run_test.gd:7)
       [6] _run_all (res://tests/run_all.gd:27)
SCRIPT ERROR: Invalid call. Nonexistent function 'new' in base 'GDScript'.
   at: EncounterRoundPlan.validate (res://scripts/run/encounter_round_plan.gd:22)
   GDScript backtrace (most recent call first):
       [0] validate (res://scripts/run/encounter_round_plan.gd:22)
       [1] validate (res://scripts/run/dealer_round_schedule.gd:30)
       [2] _validate_setup (res://scripts/run/three_round_encounter_session.gd:260)
       [3] start (res://scripts/run/three_round_encounter_session.gd:57)
       [4] _create_dealer (res://scripts/run/area_run_session.gd:478)
       [5] leave_shop (res://scripts/run/area_run_session.gd:312)
       [6] _test_all_route_combinations_complete (res://tests/faceless_hub_area_run_test.gd:55)
       [7] run (res://tests/faceless_hub_area_run_test.gd:7)
       [8] _run_all (res://tests/run_all.gd:27)
SCRIPT ERROR: Invalid call. Nonexistent function 'new' in base 'GDScript'.
   at: EncounterRoundPlan.validate (res://scripts/run/encounter_round_plan.gd:22)
   GDScript backtrace (most recent call first):
       [0] validate (res://scripts/run/encounter_round_plan.gd:22)
       [1] validate (res://scripts/run/dealer_round_schedule.gd:30)
       [2] _validate_setup (res://scripts/run/three_round_encounter_session.gd:260)
       [3] start (res://scripts/run/three_round_encounter_session.gd:57)
       [4] _create_dealer (res://scripts/run/area_run_session.gd:478)
       [5] leave_shop (res://scripts/run/area_run_session.gd:312)
       [6] _test_all_route_combinations_complete (res://tests/faceless_hub_area_run_test.gd:55)
       [7] run (res://tests/faceless_hub_area_run_test.gd:7)
       [8] _run_all (res://tests/run_all.gd:27)
SCRIPT ERROR: Invalid call. Nonexistent function 'new' in base 'GDScript'.
   at: EncounterRoundPlan.validate (res://scripts/run/encounter_round_plan.gd:22)
   GDScript backtrace (most recent call first):
       [0] validate (res://scripts/run/encounter_round_plan.gd:22)
       [1] validate (res://scripts/run/dealer_round_schedule.gd:30)
       [2] _validate_setup (res://scripts/run/three_round_encounter_session.gd:260)
       [3] start (res://scripts/run/three_round_encounter_session.gd:57)
       [4] _create_dealer (res://scripts/run/area_run_session.gd:478)
       [5] leave_shop (res://scripts/run/area_run_session.gd:312)
       [6] _test_all_route_combinations_complete (res://tests/faceless_hub_area_run_test.gd:55)
       [7] run (res://tests/faceless_hub_area_run_test.gd:7)
       [8] _run_all (res://tests/run_all.gd:27)
SCRIPT ERROR: Invalid call. Nonexistent function 'new' in base 'GDScript'.
   at: CardCatalog.validate (res://scripts/cards/card_catalog.gd:112)
   GDScript backtrace (most recent call first):
       [0] validate (res://scripts/cards/card_catalog.gd:112)
       [1] start (res://scripts/run/area_run_session.gd:73)
       [2] _test_all_route_combinations_complete (res://tests/faceless_hub_area_run_test.gd:30)
       [3] run (res://tests/faceless_hub_area_run_test.gd:7)
       [4] _run_all (res://tests/run_all.gd:27)
SCRIPT ERROR: Invalid call. Nonexistent function 'new' in base 'GDScript'.
   at: DealerCatalog.validate (res://scripts/dealers/dealer_catalog.gd:57)
   GDScript backtrace (most recent call first):
       [0] validate (res://scripts/dealers/dealer_catalog.gd:57)
       [1] start (res://scripts/run/area_run_session.gd:74)
       [2] _test_all_route_combinations_complete (res://tests/faceless_hub_area_run_test.gd:30)
       [3] run (res://tests/faceless_hub_area_run_test.gd:7)
       [4] _run_all (res://tests/run_all.gd:27)
SCRIPT ERROR: Invalid call. Nonexistent function 'new' in base 'GDScript'.
   at: EngravingCatalog.validate (res://scripts/engravings/engraving_catalog.gd:78)
   GDScript backtrace (most recent call first):
       [0] validate (res://scripts/engravings/engraving_catalog.gd:78)
       [1] start (res://scripts/run/area_run_session.gd:75)
       [2] _test_all_route_combinations_complete (res://tests/faceless_hub_area_run_test.gd:30)
       [3] run (res://tests/faceless_hub_area_run_test.gd:7)
       [4] _run_all (res://tests/run_all.gd:27)
SCRIPT ERROR: Invalid call. Nonexistent function 'new' in base 'GDScript'.
   at: AreaDefinition.validate (res://scripts/areas/area_definition.gd:60)
   GDScript backtrace (most recent call first):
       [0] validate (res://scripts/areas/area_definition.gd:60)
       [1] start (res://scripts/run/area_run_session.gd:79)
       [2] _test_all_route_combinations_complete (res://tests/faceless_hub_area_run_test.gd:30)
       [3] run (res://tests/faceless_hub_area_run_test.gd:7)
       [4] _run_all (res://tests/run_all.gd:27)
SCRIPT ERROR: Invalid call. Nonexistent function 'new' in base 'GDScript'.
   at: CardCatalog.validate (res://scripts/cards/card_catalog.gd:112)
   GDScript backtrace (most recent call first):
       [0] validate (res://scripts/cards/card_catalog.gd:112)
       [1] start (res://scripts/run/three_round_encounter_session.gd:54)
       [2] _create_normal_room (res://scripts/run/area_run_session.gd:442)
       [3] select_route (res://scripts/run/area_run_session.gd:157)
       [4] _test_all_route_combinations_complete (res://tests/faceless_hub_area_run_test.gd:33)
       [5] run (res://tests/faceless_hub_area_run_test.gd:7)
       [6] _run_all (res://tests/run_all.gd:27)
SCRIPT ERROR: Invalid call. Nonexistent function 'new' in base 'GDScript'.
   at: ThreeRoundEncounterSession._validate_setup (res://scripts/run/three_round_encounter_session.gd:294)
   GDScript backtrace (most recent call first):
       [0] _validate_setup (res://scripts/run/three_round_encounter_session.gd:294)
       [1] start (res://scripts/run/three_round_encounter_session.gd:57)
       [2] _create_normal_room (res://scripts/run/area_run_session.gd:442)
       [3] select_route (res://scripts/run/area_run_session.gd:157)
       [4] _test_all_route_combinations_complete (res://tests/faceless_hub_area_run_test.gd:33)
       [5] run (res://tests/faceless_hub_area_run_test.gd:7)
       [6] _run_all (res://tests/run_all.gd:27)
SCRIPT ERROR: Invalid call. Nonexistent function 'new' in base 'GDScript'.
   at: CardCatalog.validate (res://scripts/cards/card_catalog.gd:112)
   GDScript backtrace (most recent call first):
       [0] validate (res://scripts/cards/card_catalog.gd:112)
       [1] start (res://scripts/run/three_round_encounter_session.gd:54)
       [2] _create_normal_room (res://scripts/run/area_run_session.gd:442)
       [3] select_route (res://scripts/run/area_run_session.gd:157)
       [4] _test_all_route_combinations_complete (res://tests/faceless_hub_area_run_test.gd:33)
       [5] run (res://tests/faceless_hub_area_run_test.gd:7)
       [6] _run_all (res://tests/run_all.gd:27)
SCRIPT ERROR: Invalid call. Nonexistent function 'new' in base 'GDScript'.
   at: EncounterRoundPlan.validate (res://scripts/run/encounter_round_plan.gd:22)
   GDScript backtrace (most recent call first):
       [0] validate (res://scripts/run/encounter_round_plan.gd:22)
       [1] _validate_setup (res://scripts/run/three_round_encounter_session.gd:256)
       [2] start (res://scripts/run/three_round_encounter_session.gd:57)
       [3] _create_normal_room (res://scripts/run/area_run_session.gd:442)
       [4] select_route (res://scripts/run/area_run_session.gd:157)
       [5] _test_all_route_combinations_complete (res://tests/faceless_hub_area_run_test.gd:33)
       [6] run (res://tests/faceless_hub_area_run_test.gd:7)
       [7] _run_all (res://tests/run_all.gd:27)
SCRIPT ERROR: Invalid call. Nonexistent function 'new' in base 'GDScript'.
   at: EncounterRoundPlan.validate (res://scripts/run/encounter_round_plan.gd:22)
   GDScript backtrace (most recent call first):
       [0] validate (res://scripts/run/encounter_round_plan.gd:22)
       [1] _validate_setup (res://scripts/run/three_round_encounter_session.gd:256)
       [2] start (res://scripts/run/three_round_encounter_session.gd:57)
       [3] _create_normal_room (res://scripts/run/area_run_session.gd:442)
       [4] select_route (res://scripts/run/area_run_session.gd:157)
       [5] _test_all_route_combinations_complete (res://tests/faceless_hub_area_run_test.gd:33)
       [6] run (res://tests/faceless_hub_area_run_test.gd:7)
       [7] _run_all (res://tests/run_all.gd:27)
SCRIPT ERROR: Invalid call. Nonexistent function 'new' in base 'GDScript'.
   at: ThreeRoundEncounterSession._validate_setup (res://scripts/run/three_round_encounter_session.gd:294)
   GDScript backtrace (most recent call first):
       [0] _validate_setup (res://scripts/run/three_round_encounter_session.gd:294)
       [1] start (res://scripts/run/three_round_encounter_session.gd:57)
       [2] _create_normal_room (res://scripts/run/area_run_session.gd:442)
       [3] select_route (res://scripts/run/area_run_session.gd:157)
       [4] _test_all_route_combinations_complete (res://tests/faceless_hub_area_run_test.gd:33)
       [5] run (res://tests/faceless_hub_area_run_test.gd:7)
       [6] _run_all (res://tests/run_all.gd:27)
SCRIPT ERROR: Invalid call. Nonexistent function 'new' in base 'GDScript'.
   at: CardCatalog.validate (res://scripts/cards/card_catalog.gd:112)
   GDScript backtrace (most recent call first):
       [0] validate (res://scripts/cards/card_catalog.gd:112)
       [1] start (res://scripts/run/three_round_encounter_session.gd:54)
       [2] _create_dealer (res://scripts/run/area_run_session.gd:478)
       [3] leave_shop (res://scripts/run/area_run_session.gd:312)
       [4] _test_all_route_combinations_complete (res://tests/faceless_hub_area_run_test.gd:55)
       [5] run (res://tests/faceless_hub_area_run_test.gd:7)
       [6] _run_all (res://tests/run_all.gd:27)
SCRIPT ERROR: Invalid call. Nonexistent function 'new' in base 'GDScript'.
   at: EncounterRoundPlan.validate (res://scripts/run/encounter_round_plan.gd:22)
   GDScript backtrace (most recent call first):
       [0] validate (res://scripts/run/encounter_round_plan.gd:22)
       [1] validate (res://scripts/run/dealer_round_schedule.gd:30)
       [2] _validate_setup (res://scripts/run/three_round_encounter_session.gd:260)
       [3] start (res://scripts/run/three_round_encounter_session.gd:57)
       [4] _create_dealer (res://scripts/run/area_run_session.gd:478)
       [5] leave_shop (res://scripts/run/area_run_session.gd:312)
       [6] _test_all_route_combinations_complete (res://tests/faceless_hub_area_run_test.gd:55)
       [7] run (res://tests/faceless_hub_area_run_test.gd:7)
       [8] _run_all (res://tests/run_all.gd:27)
SCRIPT ERROR: Invalid call. Nonexistent function 'new' in base 'GDScript'.
   at: EncounterRoundPlan.validate (res://scripts/run/encounter_round_plan.gd:22)
   GDScript backtrace (most recent call first):
       [0] validate (res://scripts/run/encounter_round_plan.gd:22)
       [1] validate (res://scripts/run/dealer_round_schedule.gd:30)
       [2] _validate_setup (res://scripts/run/three_round_encounter_session.gd:260)
       [3] start (res://scripts/run/three_round_encounter_session.gd:57)
       [4] _create_dealer (res://scripts/run/area_run_session.gd:478)
       [5] leave_shop (res://scripts/run/area_run_session.gd:312)
       [6] _test_all_route_combinations_complete (res://tests/faceless_hub_area_run_test.gd:55)
       [7] run (res://tests/faceless_hub_area_run_test.gd:7)
       [8] _run_all (res://tests/run_all.gd:27)
SCRIPT ERROR: Invalid call. Nonexistent function 'new' in base 'GDScript'.
   at: EncounterRoundPlan.validate (res://scripts/run/encounter_round_plan.gd:22)
   GDScript backtrace (most recent call first):
       [0] validate (res://scripts/run/encounter_round_plan.gd:22)
       [1] validate (res://scripts/run/dealer_round_schedule.gd:30)
       [2] _validate_setup (res://scripts/run/three_round_encounter_session.gd:260)
       [3] start (res://scripts/run/three_round_encounter_session.gd:57)
       [4] _create_dealer (res://scripts/run/area_run_session.gd:478)
       [5] leave_shop (res://scripts/run/area_run_session.gd:312)
       [6] _test_all_route_combinations_complete (res://tests/faceless_hub_area_run_test.gd:55)
       [7] run (res://tests/faceless_hub_area_run_test.gd:7)
       [8] _run_all (res://tests/run_all.gd:27)
SCRIPT ERROR: Invalid call. Nonexistent function 'new' in base 'GDScript'.
   at: CardCatalog.validate (res://scripts/cards/card_catalog.gd:112)
   GDScript backtrace (most recent call first):
       [0] validate (res://scripts/cards/card_catalog.gd:112)
       [1] start (res://scripts/run/area_run_session.gd:73)
       [2] _test_all_route_combinations_complete (res://tests/faceless_hub_area_run_test.gd:30)
       [3] run (res://tests/faceless_hub_area_run_test.gd:7)
       [4] _run_all (res://tests/run_all.gd:27)
SCRIPT ERROR: Invalid call. Nonexistent function 'new' in base 'GDScript'.
   at: DealerCatalog.validate (res://scripts/dealers/dealer_catalog.gd:57)
   GDScript backtrace (most recent call first):
       [0] validate (res://scripts/dealers/dealer_catalog.gd:57)
       [1] start (res://scripts/run/area_run_session.gd:74)
       [2] _test_all_route_combinations_complete (res://tests/faceless_hub_area_run_test.gd:30)
       [3] run (res://tests/faceless_hub_area_run_test.gd:7)
       [4] _run_all (res://tests/run_all.gd:27)
SCRIPT ERROR: Invalid call. Nonexistent function 'new' in base 'GDScript'.
   at: EngravingCatalog.validate (res://scripts/engravings/engraving_catalog.gd:78)
   GDScript backtrace (most recent call first):
       [0] validate (res://scripts/engravings/engraving_catalog.gd:78)
       [1] start (res://scripts/run/area_run_session.gd:75)
       [2] _test_all_route_combinations_complete (res://tests/faceless_hub_area_run_test.gd:30)
       [3] run (res://tests/faceless_hub_area_run_test.gd:7)
       [4] _run_all (res://tests/run_all.gd:27)
SCRIPT ERROR: Invalid call. Nonexistent function 'new' in base 'GDScript'.
   at: AreaDefinition.validate (res://scripts/areas/area_definition.gd:60)
   GDScript backtrace (most recent call first):
       [0] validate (res://scripts/areas/area_definition.gd:60)
       [1] start (res://scripts/run/area_run_session.gd:79)
       [2] _test_all_route_combinations_complete (res://tests/faceless_hub_area_run_test.gd:30)
       [3] run (res://tests/faceless_hub_area_run_test.gd:7)
       [4] _run_all (res://tests/run_all.gd:27)
SCRIPT ERROR: Invalid call. Nonexistent function 'new' in base 'GDScript'.
   at: CardCatalog.validate (res://scripts/cards/card_catalog.gd:112)
   GDScript backtrace (most recent call first):
       [0] validate (res://scripts/cards/card_catalog.gd:112)
       [1] start (res://scripts/run/three_round_encounter_session.gd:54)
       [2] _create_normal_room (res://scripts/run/area_run_session.gd:442)
       [3] select_route (res://scripts/run/area_run_session.gd:157)
       [4] _test_all_route_combinations_complete (res://tests/faceless_hub_area_run_test.gd:33)
       [5] run (res://tests/faceless_hub_area_run_test.gd:7)
       [6] _run_all (res://tests/run_all.gd:27)
SCRIPT ERROR: Invalid call. Nonexistent function 'new' in base 'GDScript'.
   at: ThreeRoundEncounterSession._validate_setup (res://scripts/run/three_round_encounter_session.gd:294)
   GDScript backtrace (most recent call first):
       [0] _validate_setup (res://scripts/run/three_round_encounter_session.gd:294)
       [1] start (res://scripts/run/three_round_encounter_session.gd:57)
       [2] _create_normal_room (res://scripts/run/area_run_session.gd:442)
       [3] select_route (res://scripts/run/area_run_session.gd:157)
       [4] _test_all_route_combinations_complete (res://tests/faceless_hub_area_run_test.gd:33)
       [5] run (res://tests/faceless_hub_area_run_test.gd:7)
       [6] _run_all (res://tests/run_all.gd:27)
SCRIPT ERROR: Invalid call. Nonexistent function 'new' in base 'GDScript'.
   at: CardCatalog.validate (res://scripts/cards/card_catalog.gd:112)
   GDScript backtrace (most recent call first):
       [0] validate (res://scripts/cards/card_catalog.gd:112)
       [1] start (res://scripts/run/three_round_encounter_session.gd:54)
       [2] _create_normal_room (res://scripts/run/area_run_session.gd:442)
       [3] select_route (res://scripts/run/area_run_session.gd:157)
       [4] _test_all_route_combinations_complete (res://tests/faceless_hub_area_run_test.gd:33)
       [5] run (res://tests/faceless_hub_area_run_test.gd:7)
       [6] _run_all (res://tests/run_all.gd:27)
SCRIPT ERROR: Invalid call. Nonexistent function 'new' in base 'GDScript'.
   at: ThreeRoundEncounterSession._validate_setup (res://scripts/run/three_round_encounter_session.gd:294)
   GDScript backtrace (most recent call first):
       [0] _validate_setup (res://scripts/run/three_round_encounter_session.gd:294)
       [1] start (res://scripts/run/three_round_encounter_session.gd:57)
       [2] _create_normal_room (res://scripts/run/area_run_session.gd:442)
       [3] select_route (res://scripts/run/area_run_session.gd:157)
       [4] _test_all_route_combinations_complete (res://tests/faceless_hub_area_run_test.gd:33)
       [5] run (res://tests/faceless_hub_area_run_test.gd:7)
       [6] _run_all (res://tests/run_all.gd:27)
SCRIPT ERROR: Invalid call. Nonexistent function 'new' in base 'GDScript'.
   at: CardCatalog.validate (res://scripts/cards/card_catalog.gd:112)
   GDScript backtrace (most recent call first):
       [0] validate (res://scripts/cards/card_catalog.gd:112)
       [1] start (res://scripts/run/three_round_encounter_session.gd:54)
       [2] _create_dealer (res://scripts/run/area_run_session.gd:478)
       [3] leave_shop (res://scripts/run/area_run_session.gd:312)
       [4] _test_all_route_combinations_complete (res://tests/faceless_hub_area_run_test.gd:55)
       [5] run (res://tests/faceless_hub_area_run_test.gd:7)
       [6] _run_all (res://tests/run_all.gd:27)
SCRIPT ERROR: Invalid call. Nonexistent function 'new' in base 'GDScript'.
   at: EncounterRoundPlan.validate (res://scripts/run/encounter_round_plan.gd:22)
   GDScript backtrace (most recent call first):
       [0] validate (res://scripts/run/encounter_round_plan.gd:22)
       [1] validate (res://scripts/run/dealer_round_schedule.gd:30)
       [2] _validate_setup (res://scripts/run/three_round_encounter_session.gd:260)
       [3] start (res://scripts/run/three_round_encounter_session.gd:57)
       [4] _create_dealer (res://scripts/run/area_run_session.gd:478)
       [5] leave_shop (res://scripts/run/area_run_session.gd:312)
       [6] _test_all_route_combinations_complete (res://tests/faceless_hub_area_run_test.gd:55)
       [7] run (res://tests/faceless_hub_area_run_test.gd:7)
       [8] _run_all (res://tests/run_all.gd:27)
SCRIPT ERROR: Invalid call. Nonexistent function 'new' in base 'GDScript'.
   at: EncounterRoundPlan.validate (res://scripts/run/encounter_round_plan.gd:22)
   GDScript backtrace (most recent call first):
       [0] validate (res://scripts/run/encounter_round_plan.gd:22)
       [1] validate (res://scripts/run/dealer_round_schedule.gd:30)
       [2] _validate_setup (res://scripts/run/three_round_encounter_session.gd:260)
       [3] start (res://scripts/run/three_round_encounter_session.gd:57)
       [4] _create_dealer (res://scripts/run/area_run_session.gd:478)
       [5] leave_shop (res://scripts/run/area_run_session.gd:312)
       [6] _test_all_route_combinations_complete (res://tests/faceless_hub_area_run_test.gd:55)
       [7] run (res://tests/faceless_hub_area_run_test.gd:7)
       [8] _run_all (res://tests/run_all.gd:27)
SCRIPT ERROR: Invalid call. Nonexistent function 'new' in base 'GDScript'.
   at: EncounterRoundPlan.validate (res://scripts/run/encounter_round_plan.gd:22)
   GDScript backtrace (most recent call first):
       [0] validate (res://scripts/run/encounter_round_plan.gd:22)
       [1] validate (res://scripts/run/dealer_round_schedule.gd:30)
       [2] _validate_setup (res://scripts/run/three_round_encounter_session.gd:260)
       [3] start (res://scripts/run/three_round_encounter_session.gd:57)
       [4] _create_dealer (res://scripts/run/area_run_session.gd:478)
       [5] leave_shop (res://scripts/run/area_run_session.gd:312)
       [6] _test_all_route_combinations_complete (res://tests/faceless_hub_area_run_test.gd:55)
       [7] run (res://tests/faceless_hub_area_run_test.gd:7)
       [8] _run_all (res://tests/run_all.gd:27)
ERROR: faceless_hub_area_run_test.gd: advance normal round
   at: push_error (core/variant/variant_utility.cpp:1024)
   GDScript backtrace (most recent call first):
       [0] _run_all (res://tests/run_all.gd:32)
ERROR: faceless_hub_area_run_test.gd: area accepts report
   at: push_error (core/variant/variant_utility.cpp:1024)
   GDScript backtrace (most recent call first):
       [0] _run_all (res://tests/run_all.gd:32)
ERROR: faceless_hub_area_run_test.gd: advance normal round
   at: push_error (core/variant/variant_utility.cpp:1024)
   GDScript backtrace (most recent call first):
       [0] _run_all (res://tests/run_all.gd:32)
ERROR: faceless_hub_area_run_test.gd: area accepts report
   at: push_error (core/variant/variant_utility.cpp:1024)
   GDScript backtrace (most recent call first):
       [0] _run_all (res://tests/run_all.gd:32)
SCRIPT ERROR: Invalid call. Nonexistent function 'new' in base 'GDScript'.
   at: AreaDefinition.validate (res://scripts/areas/area_definition.gd:60)
   GDScript backtrace (most recent call first):
       [0] validate (res://scripts/areas/area_definition.gd:60)
       [1] run (res://tests/faceless_hub_content_catalog_test.gd:51)
       [2] _run_all (res://tests/run_all.gd:27)
SCRIPT ERROR: Invalid call. Nonexistent function 'new' in base 'GDScript'.
   at: AreaDefinition.validate (res://scripts/areas/area_definition.gd:60)
   GDScript backtrace (most recent call first):
       [0] validate (res://scripts/areas/area_definition.gd:60)
       [1] validate (res://scripts/areas/area_catalog.gd:56)
       [2] run (res://tests/faceless_hub_content_catalog_test.gd:52)
       [3] _run_all (res://tests/run_all.gd:27)
SCRIPT ERROR: Invalid call. Nonexistent function 'new' in base 'GDScript'.
   at: AreaDefinition.validate (res://scripts/areas/area_definition.gd:60)
   GDScript backtrace (most recent call first):
       [0] validate (res://scripts/areas/area_definition.gd:60)
       [1] validate (res://scripts/areas/area_catalog.gd:56)
       [2] run (res://tests/faceless_hub_content_catalog_test.gd:52)
       [3] _run_all (res://tests/run_all.gd:27)
SCRIPT ERROR: Invalid call. Nonexistent function 'new' in base 'GDScript'.
   at: AreaDefinition.validate (res://scripts/areas/area_definition.gd:60)
   GDScript backtrace (most recent call first):
       [0] validate (res://scripts/areas/area_definition.gd:60)
       [1] validate (res://scripts/areas/area_catalog.gd:56)
       [2] run (res://tests/faceless_hub_content_catalog_test.gd:52)
       [3] _run_all (res://tests/run_all.gd:27)
PASS faceless_hub_content_catalog_test.gd
PASS faceless_hub_guide_flow_test.gd
ERROR: ConfigFile parse error at C:/Users/Administrator/AppData/Local/Temp/project-joker-faceless-guide-corrupt-2060191.cfg:0: Unexpected EOF while parsing simple tag.
   at: _parse (core/io/config_file.cpp:292)
   GDScript backtrace (most recent call first):
       [0] _load_existing (res://scripts/ui/tutorial/faceless_hub_guide_progress_store.gd:58)
       [1] _init (res://scripts/ui/tutorial/faceless_hub_guide_progress_store.gd:20)
       [2] _test_corrupt_file_is_preserved (res://tests/faceless_hub_guide_progress_store_test.gd:58)
       [3] run (res://tests/faceless_hub_guide_progress_store_test.gd:5)
       [4] _run_all (res://tests/run_all.gd:27)
PASS faceless_hub_guide_progress_store_test.gd
PASS faceless_hub_ui_contract_test.gd
SCRIPT ERROR: Invalid call. Nonexistent function 'new' in base 'GDScript'.
   at: CardCatalog.validate (res://scripts/cards/card_catalog.gd:112)
   GDScript backtrace (most recent call first):
       [0] validate (res://scripts/cards/card_catalog.gd:112)
       [1] start (res://scripts/run/three_round_encounter_session.gd:54)
       [2] _test_committed_reports_credit_intel_once (res://tests/faceless_intel_card_effects_test.gd:68)
       [3] run (res://tests/faceless_intel_card_effects_test.gd:5)
       [4] _run_all (res://tests/run_all.gd:27)
SCRIPT ERROR: Invalid call. Nonexistent function 'new' in base 'GDScript'.
   at: ThreeRoundEncounterSession._validate_setup (res://scripts/run/three_round_encounter_session.gd:294)
   GDScript backtrace (most recent call first):
       [0] _validate_setup (res://scripts/run/three_round_encounter_session.gd:294)
       [1] start (res://scripts/run/three_round_encounter_session.gd:57)
       [2] _test_committed_reports_credit_intel_once (res://tests/faceless_intel_card_effects_test.gd:68)
       [3] run (res://tests/faceless_intel_card_effects_test.gd:5)
       [4] _run_all (res://tests/run_all.gd:27)
PASS faceless_intel_card_effects_test.gd
SCRIPT ERROR: Invalid call. Nonexistent function 'new' in base 'GDScript'.
   at: EncounterRoundPlan.validate (res://scripts/run/encounter_round_plan.gd:22)
   GDScript backtrace (most recent call first):
       [0] validate (res://scripts/run/encounter_round_plan.gd:22)
       [1] validate (res://scripts/run/dealer_round_schedule.gd:30)
       [2] _test_valid_schedule (res://tests/faceless_round_schedule_model_test.gd:22)
       [3] run (res://tests/faceless_round_schedule_model_test.gd:14)
       [4] _run_all (res://tests/run_all.gd:27)
SCRIPT ERROR: Invalid call. Nonexistent function 'new' in base 'GDScript'.
   at: EncounterRoundPlan.validate (res://scripts/run/encounter_round_plan.gd:22)
   GDScript backtrace (most recent call first):
       [0] validate (res://scripts/run/encounter_round_plan.gd:22)
       [1] validate (res://scripts/run/dealer_round_schedule.gd:30)
       [2] _test_valid_schedule (res://tests/faceless_round_schedule_model_test.gd:22)
       [3] run (res://tests/faceless_round_schedule_model_test.gd:14)
       [4] _run_all (res://tests/run_all.gd:27)
SCRIPT ERROR: Invalid call. Nonexistent function 'new' in base 'GDScript'.
   at: EncounterRoundPlan.validate (res://scripts/run/encounter_round_plan.gd:22)
   GDScript backtrace (most recent call first):
       [0] validate (res://scripts/run/encounter_round_plan.gd:22)
       [1] validate (res://scripts/run/dealer_round_schedule.gd:30)
       [2] _test_valid_schedule (res://tests/faceless_round_schedule_model_test.gd:22)
       [3] run (res://tests/faceless_round_schedule_model_test.gd:14)
       [4] _run_all (res://tests/run_all.gd:27)
SCRIPT ERROR: Invalid call. Nonexistent function 'new' in base 'GDScript'.
   at: EncounterRoundPlan.validate (res://scripts/run/encounter_round_plan.gd:22)
   GDScript backtrace (most recent call first):
       [0] validate (res://scripts/run/encounter_round_plan.gd:22)
       [1] validate (res://scripts/run/dealer_round_schedule.gd:30)
       [2] _test_schedule_requires_three_rounds (res://tests/faceless_round_schedule_model_test.gd:27)
       [3] run (res://tests/faceless_round_schedule_model_test.gd:15)
       [4] _run_all (res://tests/run_all.gd:27)
SCRIPT ERROR: Invalid call. Nonexistent function 'new' in base 'GDScript'.
   at: EncounterRoundPlan.validate (res://scripts/run/encounter_round_plan.gd:22)
   GDScript backtrace (most recent call first):
       [0] validate (res://scripts/run/encounter_round_plan.gd:22)
       [1] validate (res://scripts/run/dealer_round_schedule.gd:30)
       [2] _test_schedule_requires_three_rounds (res://tests/faceless_round_schedule_model_test.gd:27)
       [3] run (res://tests/faceless_round_schedule_model_test.gd:15)
       [4] _run_all (res://tests/run_all.gd:27)
SCRIPT ERROR: Invalid call. Nonexistent function 'new' in base 'GDScript'.
   at: EncounterRoundPlan.validate (res://scripts/run/encounter_round_plan.gd:22)
   GDScript backtrace (most recent call first):
       [0] validate (res://scripts/run/encounter_round_plan.gd:22)
       [1] validate (res://scripts/run/dealer_round_schedule.gd:30)
       [2] _test_schedule_requires_distinct_restriction_categories (res://tests/faceless_round_schedule_model_test.gd:39)
       [3] run (res://tests/faceless_round_schedule_model_test.gd:16)
       [4] _run_all (res://tests/run_all.gd:27)
SCRIPT ERROR: Invalid call. Nonexistent function 'new' in base 'GDScript'.
   at: EncounterRoundPlan.validate (res://scripts/run/encounter_round_plan.gd:22)
   GDScript backtrace (most recent call first):
       [0] validate (res://scripts/run/encounter_round_plan.gd:22)
       [1] validate (res://scripts/run/dealer_round_schedule.gd:30)
       [2] _test_schedule_requires_distinct_restriction_categories (res://tests/faceless_round_schedule_model_test.gd:39)
       [3] run (res://tests/faceless_round_schedule_model_test.gd:16)
       [4] _run_all (res://tests/run_all.gd:27)
SCRIPT ERROR: Invalid call. Nonexistent function 'new' in base 'GDScript'.
   at: EncounterRoundPlan.validate (res://scripts/run/encounter_round_plan.gd:22)
   GDScript backtrace (most recent call first):
       [0] validate (res://scripts/run/encounter_round_plan.gd:22)
       [1] validate (res://scripts/run/dealer_round_schedule.gd:30)
       [2] _test_schedule_requires_distinct_restriction_categories (res://tests/faceless_round_schedule_model_test.gd:39)
       [3] run (res://tests/faceless_round_schedule_model_test.gd:16)
       [4] _run_all (res://tests/run_all.gd:27)
SCRIPT ERROR: Invalid call. Nonexistent function 'new' in base 'GDScript'.
   at: AreaDefinition.validate (res://scripts/areas/area_definition.gd:60)
   GDScript backtrace (most recent call first):
       [0] validate (res://scripts/areas/area_definition.gd:60)
       [1] _test_optional_contracts_keep_legacy_content_compatible (res://tests/faceless_round_schedule_model_test.gd:81)
       [2] run (res://tests/faceless_round_schedule_model_test.gd:18)
       [3] _run_all (res://tests/run_all.gd:27)
PASS faceless_round_schedule_model_test.gd
SCRIPT ERROR: Invalid call. Nonexistent function 'new' in base 'GDScript'.
   at: CardCatalog.validate (res://scripts/cards/card_catalog.gd:112)
   GDScript backtrace (most recent call first):
       [0] validate (res://scripts/cards/card_catalog.gd:112)
       [1] start (res://scripts/run/three_round_encounter_session.gd:54)
       [2] _test_schedule_changes_each_round_and_requires_choice (res://tests/faceless_round_schedule_session_test.gd:21)
       [3] run (res://tests/faceless_round_schedule_session_test.gd:4)
       [4] _run_all (res://tests/run_all.gd:27)
SCRIPT ERROR: Invalid call. Nonexistent function 'new' in base 'GDScript'.
   at: EncounterRoundPlan.validate (res://scripts/run/encounter_round_plan.gd:22)
   GDScript backtrace (most recent call first):
       [0] validate (res://scripts/run/encounter_round_plan.gd:22)
       [1] validate (res://scripts/run/dealer_round_schedule.gd:30)
       [2] _validate_setup (res://scripts/run/three_round_encounter_session.gd:260)
       [3] start (res://scripts/run/three_round_encounter_session.gd:57)
       [4] _test_schedule_changes_each_round_and_requires_choice (res://tests/faceless_round_schedule_session_test.gd:21)
       [5] run (res://tests/faceless_round_schedule_session_test.gd:4)
       [6] _run_all (res://tests/run_all.gd:27)
SCRIPT ERROR: Invalid call. Nonexistent function 'new' in base 'GDScript'.
   at: EncounterRoundPlan.validate (res://scripts/run/encounter_round_plan.gd:22)
   GDScript backtrace (most recent call first):
       [0] validate (res://scripts/run/encounter_round_plan.gd:22)
       [1] validate (res://scripts/run/dealer_round_schedule.gd:30)
       [2] _validate_setup (res://scripts/run/three_round_encounter_session.gd:260)
       [3] start (res://scripts/run/three_round_encounter_session.gd:57)
       [4] _test_schedule_changes_each_round_and_requires_choice (res://tests/faceless_round_schedule_session_test.gd:21)
       [5] run (res://tests/faceless_round_schedule_session_test.gd:4)
       [6] _run_all (res://tests/run_all.gd:27)
SCRIPT ERROR: Invalid call. Nonexistent function 'new' in base 'GDScript'.
   at: EncounterRoundPlan.validate (res://scripts/run/encounter_round_plan.gd:22)
   GDScript backtrace (most recent call first):
       [0] validate (res://scripts/run/encounter_round_plan.gd:22)
       [1] validate (res://scripts/run/dealer_round_schedule.gd:30)
       [2] _validate_setup (res://scripts/run/three_round_encounter_session.gd:260)
       [3] start (res://scripts/run/three_round_encounter_session.gd:57)
       [4] _test_schedule_changes_each_round_and_requires_choice (res://tests/faceless_round_schedule_session_test.gd:21)
       [5] run (res://tests/faceless_round_schedule_session_test.gd:4)
       [6] _run_all (res://tests/run_all.gd:27)
SCRIPT ERROR: Invalid call. Nonexistent function 'new' in base 'GDScript'.
   at: CardCatalog.validate (res://scripts/cards/card_catalog.gd:112)
   GDScript backtrace (most recent call first):
       [0] validate (res://scripts/cards/card_catalog.gd:112)
       [1] start (res://scripts/run/three_round_encounter_session.gd:54)
       [2] _test_failed_third_round_creation_is_atomic (res://tests/faceless_round_schedule_session_test.gd:123)
       [3] run (res://tests/faceless_round_schedule_session_test.gd:5)
       [4] _run_all (res://tests/run_all.gd:27)
SCRIPT ERROR: Invalid call. Nonexistent function 'new' in base 'GDScript'.
   at: EncounterRoundPlan.validate (res://scripts/run/encounter_round_plan.gd:22)
   GDScript backtrace (most recent call first):
       [0] validate (res://scripts/run/encounter_round_plan.gd:22)
       [1] validate (res://scripts/run/dealer_round_schedule.gd:30)
       [2] _validate_setup (res://scripts/run/three_round_encounter_session.gd:260)
       [3] start (res://scripts/run/three_round_encounter_session.gd:57)
       [4] _test_failed_third_round_creation_is_atomic (res://tests/faceless_round_schedule_session_test.gd:123)
       [5] run (res://tests/faceless_round_schedule_session_test.gd:5)
       [6] _run_all (res://tests/run_all.gd:27)
SCRIPT ERROR: Invalid call. Nonexistent function 'new' in base 'GDScript'.
   at: EncounterRoundPlan.validate (res://scripts/run/encounter_round_plan.gd:22)
   GDScript backtrace (most recent call first):
       [0] validate (res://scripts/run/encounter_round_plan.gd:22)
       [1] validate (res://scripts/run/dealer_round_schedule.gd:30)
       [2] _validate_setup (res://scripts/run/three_round_encounter_session.gd:260)
       [3] start (res://scripts/run/three_round_encounter_session.gd:57)
       [4] _test_failed_third_round_creation_is_atomic (res://tests/faceless_round_schedule_session_test.gd:123)
       [5] run (res://tests/faceless_round_schedule_session_test.gd:5)
       [6] _run_all (res://tests/run_all.gd:27)
SCRIPT ERROR: Invalid call. Nonexistent function 'new' in base 'GDScript'.
   at: EncounterRoundPlan.validate (res://scripts/run/encounter_round_plan.gd:22)
   GDScript backtrace (most recent call first):
       [0] validate (res://scripts/run/encounter_round_plan.gd:22)
       [1] validate (res://scripts/run/dealer_round_schedule.gd:30)
       [2] _validate_setup (res://scripts/run/three_round_encounter_session.gd:260)
       [3] start (res://scripts/run/three_round_encounter_session.gd:57)
       [4] _test_failed_third_round_creation_is_atomic (res://tests/faceless_round_schedule_session_test.gd:123)
       [5] run (res://tests/faceless_round_schedule_session_test.gd:5)
       [6] _run_all (res://tests/run_all.gd:27)
SCRIPT ERROR: Invalid call. Nonexistent function 'new' in base 'GDScript'.
   at: CardCatalog.validate (res://scripts/cards/card_catalog.gd:112)
   GDScript backtrace (most recent call first):
       [0] validate (res://scripts/cards/card_catalog.gd:112)
       [1] start (res://scripts/run/three_round_encounter_session.gd:54)
       [2] _test_area_session_delegates_choice_only_during_dealer (res://tests/faceless_round_schedule_session_test.gd:179)
       [3] run (res://tests/faceless_round_schedule_session_test.gd:6)
       [4] _run_all (res://tests/run_all.gd:27)
SCRIPT ERROR: Invalid call. Nonexistent function 'new' in base 'GDScript'.
   at: EncounterRoundPlan.validate (res://scripts/run/encounter_round_plan.gd:22)
   GDScript backtrace (most recent call first):
       [0] validate (res://scripts/run/encounter_round_plan.gd:22)
       [1] validate (res://scripts/run/dealer_round_schedule.gd:30)
       [2] _validate_setup (res://scripts/run/three_round_encounter_session.gd:260)
       [3] start (res://scripts/run/three_round_encounter_session.gd:57)
       [4] _test_area_session_delegates_choice_only_during_dealer (res://tests/faceless_round_schedule_session_test.gd:179)
       [5] run (res://tests/faceless_round_schedule_session_test.gd:6)
       [6] _run_all (res://tests/run_all.gd:27)
SCRIPT ERROR: Invalid call. Nonexistent function 'new' in base 'GDScript'.
   at: EncounterRoundPlan.validate (res://scripts/run/encounter_round_plan.gd:22)
   GDScript backtrace (most recent call first):
       [0] validate (res://scripts/run/encounter_round_plan.gd:22)
       [1] validate (res://scripts/run/dealer_round_schedule.gd:30)
       [2] _validate_setup (res://scripts/run/three_round_encounter_session.gd:260)
       [3] start (res://scripts/run/three_round_encounter_session.gd:57)
       [4] _test_area_session_delegates_choice_only_during_dealer (res://tests/faceless_round_schedule_session_test.gd:179)
       [5] run (res://tests/faceless_round_schedule_session_test.gd:6)
       [6] _run_all (res://tests/run_all.gd:27)
SCRIPT ERROR: Invalid call. Nonexistent function 'new' in base 'GDScript'.
   at: EncounterRoundPlan.validate (res://scripts/run/encounter_round_plan.gd:22)
   GDScript backtrace (most recent call first):
       [0] validate (res://scripts/run/encounter_round_plan.gd:22)
       [1] validate (res://scripts/run/dealer_round_schedule.gd:30)
       [2] _validate_setup (res://scripts/run/three_round_encounter_session.gd:260)
       [3] start (res://scripts/run/three_round_encounter_session.gd:57)
       [4] _test_area_session_delegates_choice_only_during_dealer (res://tests/faceless_round_schedule_session_test.gd:179)
       [5] run (res://tests/faceless_round_schedule_session_test.gd:6)
       [6] _run_all (res://tests/run_all.gd:27)
PASS faceless_round_schedule_session_test.gd
PASS formal_rule_pool_test.gd
PASS framework_self_test.gd
SCRIPT ERROR: Invalid call. Nonexistent function 'new' in base 'GDScript'.
   at: CardCatalog.validate (res://scripts/cards/card_catalog.gd:112)
   GDScript backtrace (most recent call first):
       [0] validate (res://scripts/cards/card_catalog.gd:112)
       [1] start (res://scripts/run/area_run_session.gd:73)
       [2] _test_two_room_shop_loop (res://tests/gold_corridor_area_run_test.gd:71)
       [3] run (res://tests/gold_corridor_area_run_test.gd:4)
       [4] _run_all (res://tests/run_all.gd:27)
SCRIPT ERROR: Invalid call. Nonexistent function 'new' in base 'GDScript'.
   at: DealerCatalog.validate (res://scripts/dealers/dealer_catalog.gd:57)
   GDScript backtrace (most recent call first):
       [0] validate (res://scripts/dealers/dealer_catalog.gd:57)
       [1] start (res://scripts/run/area_run_session.gd:74)
       [2] _test_two_room_shop_loop (res://tests/gold_corridor_area_run_test.gd:71)
       [3] run (res://tests/gold_corridor_area_run_test.gd:4)
       [4] _run_all (res://tests/run_all.gd:27)
SCRIPT ERROR: Invalid call. Nonexistent function 'new' in base 'GDScript'.
   at: EngravingCatalog.validate (res://scripts/engravings/engraving_catalog.gd:78)
   GDScript backtrace (most recent call first):
       [0] validate (res://scripts/engravings/engraving_catalog.gd:78)
       [1] start (res://scripts/run/area_run_session.gd:75)
       [2] _test_two_room_shop_loop (res://tests/gold_corridor_area_run_test.gd:71)
       [3] run (res://tests/gold_corridor_area_run_test.gd:4)
       [4] _run_all (res://tests/run_all.gd:27)
SCRIPT ERROR: Invalid call. Nonexistent function 'new' in base 'GDScript'.
   at: AreaDefinition.validate (res://scripts/areas/area_definition.gd:60)
   GDScript backtrace (most recent call first):
       [0] validate (res://scripts/areas/area_definition.gd:60)
       [1] start (res://scripts/run/area_run_session.gd:79)
       [2] _test_two_room_shop_loop (res://tests/gold_corridor_area_run_test.gd:71)
       [3] run (res://tests/gold_corridor_area_run_test.gd:4)
       [4] _run_all (res://tests/run_all.gd:27)
SCRIPT ERROR: Invalid call. Nonexistent function 'new' in base 'GDScript'.
   at: CardCatalog.validate (res://scripts/cards/card_catalog.gd:112)
   GDScript backtrace (most recent call first):
       [0] validate (res://scripts/cards/card_catalog.gd:112)
       [1] start (res://scripts/run/three_round_encounter_session.gd:54)
       [2] _create_normal_room (res://scripts/run/area_run_session.gd:442)
       [3] select_route (res://scripts/run/area_run_session.gd:157)
       [4] _test_two_room_shop_loop (res://tests/gold_corridor_area_run_test.gd:93)
       [5] run (res://tests/gold_corridor_area_run_test.gd:4)
       [6] _run_all (res://tests/run_all.gd:27)
SCRIPT ERROR: Invalid call. Nonexistent function 'new' in base 'GDScript'.
   at: ThreeRoundEncounterSession._validate_setup (res://scripts/run/three_round_encounter_session.gd:294)
   GDScript backtrace (most recent call first):
       [0] _validate_setup (res://scripts/run/three_round_encounter_session.gd:294)
       [1] start (res://scripts/run/three_round_encounter_session.gd:57)
       [2] _create_normal_room (res://scripts/run/area_run_session.gd:442)
       [3] select_route (res://scripts/run/area_run_session.gd:157)
       [4] _test_two_room_shop_loop (res://tests/gold_corridor_area_run_test.gd:93)
       [5] run (res://tests/gold_corridor_area_run_test.gd:4)
       [6] _run_all (res://tests/run_all.gd:27)
SCRIPT ERROR: Invalid call. Nonexistent function 'new' in base 'GDScript'.
   at: CardCatalog.validate (res://scripts/cards/card_catalog.gd:112)
   GDScript backtrace (most recent call first):
       [0] validate (res://scripts/cards/card_catalog.gd:112)
       [1] start (res://scripts/run/three_round_encounter_session.gd:54)
       [2] _create_normal_room (res://scripts/run/area_run_session.gd:442)
       [3] select_route (res://scripts/run/area_run_session.gd:157)
       [4] _test_two_room_shop_loop (res://tests/gold_corridor_area_run_test.gd:127)
       [5] run (res://tests/gold_corridor_area_run_test.gd:4)
       [6] _run_all (res://tests/run_all.gd:27)
SCRIPT ERROR: Invalid call. Nonexistent function 'new' in base 'GDScript'.
   at: ThreeRoundEncounterSession._validate_setup (res://scripts/run/three_round_encounter_session.gd:294)
   GDScript backtrace (most recent call first):
       [0] _validate_setup (res://scripts/run/three_round_encounter_session.gd:294)
       [1] start (res://scripts/run/three_round_encounter_session.gd:57)
       [2] _create_normal_room (res://scripts/run/area_run_session.gd:442)
       [3] select_route (res://scripts/run/area_run_session.gd:157)
       [4] _test_two_room_shop_loop (res://tests/gold_corridor_area_run_test.gd:127)
       [5] run (res://tests/gold_corridor_area_run_test.gd:4)
       [6] _run_all (res://tests/run_all.gd:27)
SCRIPT ERROR: Invalid call. Nonexistent function 'new' in base 'GDScript'.
   at: CardCatalog.validate (res://scripts/cards/card_catalog.gd:112)
   GDScript backtrace (most recent call first):
       [0] validate (res://scripts/cards/card_catalog.gd:112)
       [1] start (res://scripts/run/three_round_encounter_session.gd:54)
       [2] _create_dealer (res://scripts/run/area_run_session.gd:478)
       [3] leave_shop (res://scripts/run/area_run_session.gd:312)
       [4] _test_two_room_shop_loop (res://tests/gold_corridor_area_run_test.gd:145)
       [5] run (res://tests/gold_corridor_area_run_test.gd:4)
       [6] _run_all (res://tests/run_all.gd:27)
SCRIPT ERROR: Invalid call. Nonexistent function 'new' in base 'GDScript'.
   at: ThreeRoundEncounterSession._validate_setup (res://scripts/run/three_round_encounter_session.gd:294)
   GDScript backtrace (most recent call first):
       [0] _validate_setup (res://scripts/run/three_round_encounter_session.gd:294)
       [1] start (res://scripts/run/three_round_encounter_session.gd:57)
       [2] _create_dealer (res://scripts/run/area_run_session.gd:478)
       [3] leave_shop (res://scripts/run/area_run_session.gd:312)
       [4] _test_two_room_shop_loop (res://tests/gold_corridor_area_run_test.gd:145)
       [5] run (res://tests/gold_corridor_area_run_test.gd:4)
       [6] _run_all (res://tests/run_all.gd:27)
SCRIPT ERROR: Invalid call. Nonexistent function 'new' in base 'GDScript'.
   at: CardCatalog.validate (res://scripts/cards/card_catalog.gd:112)
   GDScript backtrace (most recent call first):
       [0] validate (res://scripts/cards/card_catalog.gd:112)
       [1] start (res://scripts/run/area_run_session.gd:73)
       [2] _test_area_market_and_future_intel (res://tests/gold_corridor_area_run_test.gd:14)
       [3] run (res://tests/gold_corridor_area_run_test.gd:5)
       [4] _run_all (res://tests/run_all.gd:27)
SCRIPT ERROR: Invalid call. Nonexistent function 'new' in base 'GDScript'.
   at: DealerCatalog.validate (res://scripts/dealers/dealer_catalog.gd:57)
   GDScript backtrace (most recent call first):
       [0] validate (res://scripts/dealers/dealer_catalog.gd:57)
       [1] start (res://scripts/run/area_run_session.gd:74)
       [2] _test_area_market_and_future_intel (res://tests/gold_corridor_area_run_test.gd:14)
       [3] run (res://tests/gold_corridor_area_run_test.gd:5)
       [4] _run_all (res://tests/run_all.gd:27)
SCRIPT ERROR: Invalid call. Nonexistent function 'new' in base 'GDScript'.
   at: EngravingCatalog.validate (res://scripts/engravings/engraving_catalog.gd:78)
   GDScript backtrace (most recent call first):
       [0] validate (res://scripts/engravings/engraving_catalog.gd:78)
       [1] start (res://scripts/run/area_run_session.gd:75)
       [2] _test_area_market_and_future_intel (res://tests/gold_corridor_area_run_test.gd:14)
       [3] run (res://tests/gold_corridor_area_run_test.gd:5)
       [4] _run_all (res://tests/run_all.gd:27)
SCRIPT ERROR: Invalid call. Nonexistent function 'new' in base 'GDScript'.
   at: AreaDefinition.validate (res://scripts/areas/area_definition.gd:60)
   GDScript backtrace (most recent call first):
       [0] validate (res://scripts/areas/area_definition.gd:60)
       [1] start (res://scripts/run/area_run_session.gd:79)
       [2] _test_area_market_and_future_intel (res://tests/gold_corridor_area_run_test.gd:14)
       [3] run (res://tests/gold_corridor_area_run_test.gd:5)
       [4] _run_all (res://tests/run_all.gd:27)
SCRIPT ERROR: Invalid call. Nonexistent function 'new' in base 'GDScript'.
   at: CardCatalog.validate (res://scripts/cards/card_catalog.gd:112)
   GDScript backtrace (most recent call first):
       [0] validate (res://scripts/cards/card_catalog.gd:112)
       [1] start (res://scripts/run/three_round_encounter_session.gd:54)
       [2] _create_normal_room (res://scripts/run/area_run_session.gd:442)
       [3] select_route (res://scripts/run/area_run_session.gd:157)
       [4] _test_area_market_and_future_intel (res://tests/gold_corridor_area_run_test.gd:20)
       [5] run (res://tests/gold_corridor_area_run_test.gd:5)
       [6] _run_all (res://tests/run_all.gd:27)
SCRIPT ERROR: Invalid call. Nonexistent function 'new' in base 'GDScript'.
   at: ThreeRoundEncounterSession._validate_setup (res://scripts/run/three_round_encounter_session.gd:294)
   GDScript backtrace (most recent call first):
       [0] _validate_setup (res://scripts/run/three_round_encounter_session.gd:294)
       [1] start (res://scripts/run/three_round_encounter_session.gd:57)
       [2] _create_normal_room (res://scripts/run/area_run_session.gd:442)
       [3] select_route (res://scripts/run/area_run_session.gd:157)
       [4] _test_area_market_and_future_intel (res://tests/gold_corridor_area_run_test.gd:20)
       [5] run (res://tests/gold_corridor_area_run_test.gd:5)
       [6] _run_all (res://tests/run_all.gd:27)
SCRIPT ERROR: Invalid call. Nonexistent function 'new' in base 'GDScript'.
   at: CardCatalog.validate (res://scripts/cards/card_catalog.gd:112)
   GDScript backtrace (most recent call first):
       [0] validate (res://scripts/cards/card_catalog.gd:112)
       [1] start (res://scripts/run/three_round_encounter_session.gd:54)
       [2] _create_normal_room (res://scripts/run/area_run_session.gd:442)
       [3] select_route (res://scripts/run/area_run_session.gd:157)
       [4] _test_area_market_and_future_intel (res://tests/gold_corridor_area_run_test.gd:48)
       [5] run (res://tests/gold_corridor_area_run_test.gd:5)
       [6] _run_all (res://tests/run_all.gd:27)
SCRIPT ERROR: Invalid call. Nonexistent function 'new' in base 'GDScript'.
   at: ThreeRoundEncounterSession._validate_setup (res://scripts/run/three_round_encounter_session.gd:294)
   GDScript backtrace (most recent call first):
       [0] _validate_setup (res://scripts/run/three_round_encounter_session.gd:294)
       [1] start (res://scripts/run/three_round_encounter_session.gd:57)
       [2] _create_normal_room (res://scripts/run/area_run_session.gd:442)
       [3] select_route (res://scripts/run/area_run_session.gd:157)
       [4] _test_area_market_and_future_intel (res://tests/gold_corridor_area_run_test.gd:48)
       [5] run (res://tests/gold_corridor_area_run_test.gd:5)
       [6] _run_all (res://tests/run_all.gd:27)
SCRIPT ERROR: Invalid call. Nonexistent function 'new' in base 'GDScript'.
   at: CardCatalog.validate (res://scripts/cards/card_catalog.gd:112)
   GDScript backtrace (most recent call first):
       [0] validate (res://scripts/cards/card_catalog.gd:112)
       [1] start (res://scripts/run/three_round_encounter_session.gd:54)
       [2] _create_dealer (res://scripts/run/area_run_session.gd:478)
       [3] leave_shop (res://scripts/run/area_run_session.gd:312)
       [4] _test_area_market_and_future_intel (res://tests/gold_corridor_area_run_test.gd:60)
       [5] run (res://tests/gold_corridor_area_run_test.gd:5)
       [6] _run_all (res://tests/run_all.gd:27)
SCRIPT ERROR: Invalid call. Nonexistent function 'new' in base 'GDScript'.
   at: ThreeRoundEncounterSession._validate_setup (res://scripts/run/three_round_encounter_session.gd:294)
   GDScript backtrace (most recent call first):
       [0] _validate_setup (res://scripts/run/three_round_encounter_session.gd:294)
       [1] start (res://scripts/run/three_round_encounter_session.gd:57)
       [2] _create_dealer (res://scripts/run/area_run_session.gd:478)
       [3] leave_shop (res://scripts/run/area_run_session.gd:312)
       [4] _test_area_market_and_future_intel (res://tests/gold_corridor_area_run_test.gd:60)
       [5] run (res://tests/gold_corridor_area_run_test.gd:5)
       [6] _run_all (res://tests/run_all.gd:27)
SCRIPT ERROR: Invalid call. Nonexistent function 'new' in base 'GDScript'.
   at: CardCatalog.validate (res://scripts/cards/card_catalog.gd:112)
   GDScript backtrace (most recent call first):
       [0] validate (res://scripts/cards/card_catalog.gd:112)
       [1] start (res://scripts/run/area_run_session.gd:73)
       [2] _drive_to_dealer (res://tests/gold_corridor_area_run_test.gd:369)
       [3] _test_same_seed_replays_route_shop_and_dealer_start (res://tests/gold_corridor_area_run_test.gd:162)
       [4] run (res://tests/gold_corridor_area_run_test.gd:6)
       [5] _run_all (res://tests/run_all.gd:27)
SCRIPT ERROR: Invalid call. Nonexistent function 'new' in base 'GDScript'.
   at: DealerCatalog.validate (res://scripts/dealers/dealer_catalog.gd:57)
   GDScript backtrace (most recent call first):
       [0] validate (res://scripts/dealers/dealer_catalog.gd:57)
       [1] start (res://scripts/run/area_run_session.gd:74)
       [2] _drive_to_dealer (res://tests/gold_corridor_area_run_test.gd:369)
       [3] _test_same_seed_replays_route_shop_and_dealer_start (res://tests/gold_corridor_area_run_test.gd:162)
       [4] run (res://tests/gold_corridor_area_run_test.gd:6)
       [5] _run_all (res://tests/run_all.gd:27)
SCRIPT ERROR: Invalid call. Nonexistent function 'new' in base 'GDScript'.
   at: EngravingCatalog.validate (res://scripts/engravings/engraving_catalog.gd:78)
   GDScript backtrace (most recent call first):
       [0] validate (res://scripts/engravings/engraving_catalog.gd:78)
       [1] start (res://scripts/run/area_run_session.gd:75)
       [2] _drive_to_dealer (res://tests/gold_corridor_area_run_test.gd:369)
       [3] _test_same_seed_replays_route_shop_and_dealer_start (res://tests/gold_corridor_area_run_test.gd:162)
       [4] run (res://tests/gold_corridor_area_run_test.gd:6)
       [5] _run_all (res://tests/run_all.gd:27)
SCRIPT ERROR: Invalid call. Nonexistent function 'new' in base 'GDScript'.
   at: AreaDefinition.validate (res://scripts/areas/area_definition.gd:60)
   GDScript backtrace (most recent call first):
       [0] validate (res://scripts/areas/area_definition.gd:60)
       [1] start (res://scripts/run/area_run_session.gd:79)
       [2] _drive_to_dealer (res://tests/gold_corridor_area_run_test.gd:369)
       [3] _test_same_seed_replays_route_shop_and_dealer_start (res://tests/gold_corridor_area_run_test.gd:162)
       [4] run (res://tests/gold_corridor_area_run_test.gd:6)
       [5] _run_all (res://tests/run_all.gd:27)
SCRIPT ERROR: Invalid call. Nonexistent function 'new' in base 'GDScript'.
   at: CardCatalog.validate (res://scripts/cards/card_catalog.gd:112)
   GDScript backtrace (most recent call first):
       [0] validate (res://scripts/cards/card_catalog.gd:112)
       [1] start (res://scripts/run/three_round_encounter_session.gd:54)
       [2] _create_normal_room (res://scripts/run/area_run_session.gd:442)
       [3] select_route (res://scripts/run/area_run_session.gd:157)
       [4] _drive_to_dealer (res://tests/gold_corridor_area_run_test.gd:372)
       [5] _test_same_seed_replays_route_shop_and_dealer_start (res://tests/gold_corridor_area_run_test.gd:162)
       [6] run (res://tests/gold_corridor_area_run_test.gd:6)
       [7] _run_all (res://tests/run_all.gd:27)
SCRIPT ERROR: Invalid call. Nonexistent function 'new' in base 'GDScript'.
   at: ThreeRoundEncounterSession._validate_setup (res://scripts/run/three_round_encounter_session.gd:294)
   GDScript backtrace (most recent call first):
       [0] _validate_setup (res://scripts/run/three_round_encounter_session.gd:294)
       [1] start (res://scripts/run/three_round_encounter_session.gd:57)
       [2] _create_normal_room (res://scripts/run/area_run_session.gd:442)
       [3] select_route (res://scripts/run/area_run_session.gd:157)
       [4] _drive_to_dealer (res://tests/gold_corridor_area_run_test.gd:372)
       [5] _test_same_seed_replays_route_shop_and_dealer_start (res://tests/gold_corridor_area_run_test.gd:162)
       [6] run (res://tests/gold_corridor_area_run_test.gd:6)
       [7] _run_all (res://tests/run_all.gd:27)
SCRIPT ERROR: Invalid call. Nonexistent function 'new' in base 'GDScript'.
   at: CardCatalog.validate (res://scripts/cards/card_catalog.gd:112)
   GDScript backtrace (most recent call first):
       [0] validate (res://scripts/cards/card_catalog.gd:112)
       [1] start (res://scripts/run/three_round_encounter_session.gd:54)
       [2] _create_normal_room (res://scripts/run/area_run_session.gd:442)
       [3] select_route (res://scripts/run/area_run_session.gd:157)
       [4] _drive_to_dealer (res://tests/gold_corridor_area_run_test.gd:372)
       [5] _test_same_seed_replays_route_shop_and_dealer_start (res://tests/gold_corridor_area_run_test.gd:162)
       [6] run (res://tests/gold_corridor_area_run_test.gd:6)
       [7] _run_all (res://tests/run_all.gd:27)
SCRIPT ERROR: Invalid call. Nonexistent function 'new' in base 'GDScript'.
   at: ThreeRoundEncounterSession._validate_setup (res://scripts/run/three_round_encounter_session.gd:294)
   GDScript backtrace (most recent call first):
       [0] _validate_setup (res://scripts/run/three_round_encounter_session.gd:294)
       [1] start (res://scripts/run/three_round_encounter_session.gd:57)
       [2] _create_normal_room (res://scripts/run/area_run_session.gd:442)
       [3] select_route (res://scripts/run/area_run_session.gd:157)
       [4] _drive_to_dealer (res://tests/gold_corridor_area_run_test.gd:372)
       [5] _test_same_seed_replays_route_shop_and_dealer_start (res://tests/gold_corridor_area_run_test.gd:162)
       [6] run (res://tests/gold_corridor_area_run_test.gd:6)
       [7] _run_all (res://tests/run_all.gd:27)
SCRIPT ERROR: Invalid call. Nonexistent function 'new' in base 'GDScript'.
   at: CardCatalog.validate (res://scripts/cards/card_catalog.gd:112)
   GDScript backtrace (most recent call first):
       [0] validate (res://scripts/cards/card_catalog.gd:112)
       [1] start (res://scripts/run/three_round_encounter_session.gd:54)
       [2] _create_dealer (res://scripts/run/area_run_session.gd:478)
       [3] leave_shop (res://scripts/run/area_run_session.gd:312)
       [4] _drive_to_dealer (res://tests/gold_corridor_area_run_test.gd:378)
       [5] _test_same_seed_replays_route_shop_and_dealer_start (res://tests/gold_corridor_area_run_test.gd:162)
       [6] run (res://tests/gold_corridor_area_run_test.gd:6)
       [7] _run_all (res://tests/run_all.gd:27)
SCRIPT ERROR: Invalid call. Nonexistent function 'new' in base 'GDScript'.
   at: ThreeRoundEncounterSession._validate_setup (res://scripts/run/three_round_encounter_session.gd:294)
   GDScript backtrace (most recent call first):
       [0] _validate_setup (res://scripts/run/three_round_encounter_session.gd:294)
       [1] start (res://scripts/run/three_round_encounter_session.gd:57)
       [2] _create_dealer (res://scripts/run/area_run_session.gd:478)
       [3] leave_shop (res://scripts/run/area_run_session.gd:312)
       [4] _drive_to_dealer (res://tests/gold_corridor_area_run_test.gd:378)
       [5] _test_same_seed_replays_route_shop_and_dealer_start (res://tests/gold_corridor_area_run_test.gd:162)
       [6] run (res://tests/gold_corridor_area_run_test.gd:6)
       [7] _run_all (res://tests/run_all.gd:27)
SCRIPT ERROR: Invalid call. Nonexistent function 'new' in base 'GDScript'.
   at: CardCatalog.validate (res://scripts/cards/card_catalog.gd:112)
   GDScript backtrace (most recent call first):
       [0] validate (res://scripts/cards/card_catalog.gd:112)
       [1] start (res://scripts/run/area_run_session.gd:73)
       [2] _drive_to_dealer (res://tests/gold_corridor_area_run_test.gd:369)
       [3] _test_same_seed_replays_route_shop_and_dealer_start (res://tests/gold_corridor_area_run_test.gd:163)
       [4] run (res://tests/gold_corridor_area_run_test.gd:6)
       [5] _run_all (res://tests/run_all.gd:27)
SCRIPT ERROR: Invalid call. Nonexistent function 'new' in base 'GDScript'.
   at: DealerCatalog.validate (res://scripts/dealers/dealer_catalog.gd:57)
   GDScript backtrace (most recent call first):
       [0] validate (res://scripts/dealers/dealer_catalog.gd:57)
       [1] start (res://scripts/run/area_run_session.gd:74)
       [2] _drive_to_dealer (res://tests/gold_corridor_area_run_test.gd:369)
       [3] _test_same_seed_replays_route_shop_and_dealer_start (res://tests/gold_corridor_area_run_test.gd:163)
       [4] run (res://tests/gold_corridor_area_run_test.gd:6)
       [5] _run_all (res://tests/run_all.gd:27)
SCRIPT ERROR: Invalid call. Nonexistent function 'new' in base 'GDScript'.
   at: EngravingCatalog.validate (res://scripts/engravings/engraving_catalog.gd:78)
   GDScript backtrace (most recent call first):
       [0] validate (res://scripts/engravings/engraving_catalog.gd:78)
       [1] start (res://scripts/run/area_run_session.gd:75)
       [2] _drive_to_dealer (res://tests/gold_corridor_area_run_test.gd:369)
       [3] _test_same_seed_replays_route_shop_and_dealer_start (res://tests/gold_corridor_area_run_test.gd:163)
       [4] run (res://tests/gold_corridor_area_run_test.gd:6)
       [5] _run_all (res://tests/run_all.gd:27)
SCRIPT ERROR: Invalid call. Nonexistent function 'new' in base 'GDScript'.
   at: AreaDefinition.validate (res://scripts/areas/area_definition.gd:60)
   GDScript backtrace (most recent call first):
       [0] validate (res://scripts/areas/area_definition.gd:60)
       [1] start (res://scripts/run/area_run_session.gd:79)
       [2] _drive_to_dealer (res://tests/gold_corridor_area_run_test.gd:369)
       [3] _test_same_seed_replays_route_shop_and_dealer_start (res://tests/gold_corridor_area_run_test.gd:163)
       [4] run (res://tests/gold_corridor_area_run_test.gd:6)
       [5] _run_all (res://tests/run_all.gd:27)
SCRIPT ERROR: Invalid call. Nonexistent function 'new' in base 'GDScript'.
   at: CardCatalog.validate (res://scripts/cards/card_catalog.gd:112)
   GDScript backtrace (most recent call first):
       [0] validate (res://scripts/cards/card_catalog.gd:112)
       [1] start (res://scripts/run/three_round_encounter_session.gd:54)
       [2] _create_normal_room (res://scripts/run/area_run_session.gd:442)
       [3] select_route (res://scripts/run/area_run_session.gd:157)
       [4] _drive_to_dealer (res://tests/gold_corridor_area_run_test.gd:372)
       [5] _test_same_seed_replays_route_shop_and_dealer_start (res://tests/gold_corridor_area_run_test.gd:163)
       [6] run (res://tests/gold_corridor_area_run_test.gd:6)
       [7] _run_all (res://tests/run_all.gd:27)
SCRIPT ERROR: Invalid call. Nonexistent function 'new' in base 'GDScript'.
   at: ThreeRoundEncounterSession._validate_setup (res://scripts/run/three_round_encounter_session.gd:294)
   GDScript backtrace (most recent call first):
       [0] _validate_setup (res://scripts/run/three_round_encounter_session.gd:294)
       [1] start (res://scripts/run/three_round_encounter_session.gd:57)
       [2] _create_normal_room (res://scripts/run/area_run_session.gd:442)
       [3] select_route (res://scripts/run/area_run_session.gd:157)
       [4] _drive_to_dealer (res://tests/gold_corridor_area_run_test.gd:372)
       [5] _test_same_seed_replays_route_shop_and_dealer_start (res://tests/gold_corridor_area_run_test.gd:163)
       [6] run (res://tests/gold_corridor_area_run_test.gd:6)
       [7] _run_all (res://tests/run_all.gd:27)
SCRIPT ERROR: Invalid call. Nonexistent function 'new' in base 'GDScript'.
   at: CardCatalog.validate (res://scripts/cards/card_catalog.gd:112)
   GDScript backtrace (most recent call first):
       [0] validate (res://scripts/cards/card_catalog.gd:112)
       [1] start (res://scripts/run/three_round_encounter_session.gd:54)
       [2] _create_normal_room (res://scripts/run/area_run_session.gd:442)
       [3] select_route (res://scripts/run/area_run_session.gd:157)
       [4] _drive_to_dealer (res://tests/gold_corridor_area_run_test.gd:372)
       [5] _test_same_seed_replays_route_shop_and_dealer_start (res://tests/gold_corridor_area_run_test.gd:163)
       [6] run (res://tests/gold_corridor_area_run_test.gd:6)
       [7] _run_all (res://tests/run_all.gd:27)
SCRIPT ERROR: Invalid call. Nonexistent function 'new' in base 'GDScript'.
   at: ThreeRoundEncounterSession._validate_setup (res://scripts/run/three_round_encounter_session.gd:294)
   GDScript backtrace (most recent call first):
       [0] _validate_setup (res://scripts/run/three_round_encounter_session.gd:294)
       [1] start (res://scripts/run/three_round_encounter_session.gd:57)
       [2] _create_normal_room (res://scripts/run/area_run_session.gd:442)
       [3] select_route (res://scripts/run/area_run_session.gd:157)
       [4] _drive_to_dealer (res://tests/gold_corridor_area_run_test.gd:372)
       [5] _test_same_seed_replays_route_shop_and_dealer_start (res://tests/gold_corridor_area_run_test.gd:163)
       [6] run (res://tests/gold_corridor_area_run_test.gd:6)
       [7] _run_all (res://tests/run_all.gd:27)
SCRIPT ERROR: Invalid call. Nonexistent function 'new' in base 'GDScript'.
   at: CardCatalog.validate (res://scripts/cards/card_catalog.gd:112)
   GDScript backtrace (most recent call first):
       [0] validate (res://scripts/cards/card_catalog.gd:112)
       [1] start (res://scripts/run/three_round_encounter_session.gd:54)
       [2] _create_dealer (res://scripts/run/area_run_session.gd:478)
       [3] leave_shop (res://scripts/run/area_run_session.gd:312)
       [4] _drive_to_dealer (res://tests/gold_corridor_area_run_test.gd:378)
       [5] _test_same_seed_replays_route_shop_and_dealer_start (res://tests/gold_corridor_area_run_test.gd:163)
       [6] run (res://tests/gold_corridor_area_run_test.gd:6)
       [7] _run_all (res://tests/run_all.gd:27)
SCRIPT ERROR: Invalid call. Nonexistent function 'new' in base 'GDScript'.
   at: ThreeRoundEncounterSession._validate_setup (res://scripts/run/three_round_encounter_session.gd:294)
   GDScript backtrace (most recent call first):
       [0] _validate_setup (res://scripts/run/three_round_encounter_session.gd:294)
       [1] start (res://scripts/run/three_round_encounter_session.gd:57)
       [2] _create_dealer (res://scripts/run/area_run_session.gd:478)
       [3] leave_shop (res://scripts/run/area_run_session.gd:312)
       [4] _drive_to_dealer (res://tests/gold_corridor_area_run_test.gd:378)
       [5] _test_same_seed_replays_route_shop_and_dealer_start (res://tests/gold_corridor_area_run_test.gd:163)
       [6] run (res://tests/gold_corridor_area_run_test.gd:6)
       [7] _run_all (res://tests/run_all.gd:27)
SCRIPT ERROR: Invalid call. Nonexistent function 'new' in base 'GDScript'.
   at: CardCatalog.validate (res://scripts/cards/card_catalog.gd:112)
   GDScript backtrace (most recent call first):
       [0] validate (res://scripts/cards/card_catalog.gd:112)
       [1] start (res://scripts/run/area_run_session.gd:73)
       [2] _drive_route_combination_to_dealer (res://tests/gold_corridor_area_run_test.gd:390)
       [3] _test_all_route_combinations_complete (res://tests/gold_corridor_area_run_test.gd:197)
       [4] run (res://tests/gold_corridor_area_run_test.gd:7)
       [5] _run_all (res://tests/run_all.gd:27)
SCRIPT ERROR: Invalid call. Nonexistent function 'new' in base 'GDScript'.
   at: DealerCatalog.validate (res://scripts/dealers/dealer_catalog.gd:57)
   GDScript backtrace (most recent call first):
       [0] validate (res://scripts/dealers/dealer_catalog.gd:57)
       [1] start (res://scripts/run/area_run_session.gd:74)
       [2] _drive_route_combination_to_dealer (res://tests/gold_corridor_area_run_test.gd:390)
       [3] _test_all_route_combinations_complete (res://tests/gold_corridor_area_run_test.gd:197)
       [4] run (res://tests/gold_corridor_area_run_test.gd:7)
       [5] _run_all (res://tests/run_all.gd:27)
SCRIPT ERROR: Invalid call. Nonexistent function 'new' in base 'GDScript'.
   at: EngravingCatalog.validate (res://scripts/engravings/engraving_catalog.gd:78)
   GDScript backtrace (most recent call first):
       [0] validate (res://scripts/engravings/engraving_catalog.gd:78)
       [1] start (res://scripts/run/area_run_session.gd:75)
       [2] _drive_route_combination_to_dealer (res://tests/gold_corridor_area_run_test.gd:390)
       [3] _test_all_route_combinations_complete (res://tests/gold_corridor_area_run_test.gd:197)
       [4] run (res://tests/gold_corridor_area_run_test.gd:7)
       [5] _run_all (res://tests/run_all.gd:27)
SCRIPT ERROR: Invalid call. Nonexistent function 'new' in base 'GDScript'.
   at: AreaDefinition.validate (res://scripts/areas/area_definition.gd:60)
   GDScript backtrace (most recent call first):
       [0] validate (res://scripts/areas/area_definition.gd:60)
       [1] start (res://scripts/run/area_run_session.gd:79)
       [2] _drive_route_combination_to_dealer (res://tests/gold_corridor_area_run_test.gd:390)
       [3] _test_all_route_combinations_complete (res://tests/gold_corridor_area_run_test.gd:197)
       [4] run (res://tests/gold_corridor_area_run_test.gd:7)
       [5] _run_all (res://tests/run_all.gd:27)
SCRIPT ERROR: Invalid call. Nonexistent function 'new' in base 'GDScript'.
   at: CardCatalog.validate (res://scripts/cards/card_catalog.gd:112)
   GDScript backtrace (most recent call first):
       [0] validate (res://scripts/cards/card_catalog.gd:112)
       [1] start (res://scripts/run/three_round_encounter_session.gd:54)
       [2] _create_normal_room (res://scripts/run/area_run_session.gd:442)
       [3] select_route (res://scripts/run/area_run_session.gd:157)
       [4] _drive_route_combination_to_dealer (res://tests/gold_corridor_area_run_test.gd:393)
       [5] _test_all_route_combinations_complete (res://tests/gold_corridor_area_run_test.gd:197)
       [6] run (res://tests/gold_corridor_area_run_test.gd:7)
       [7] _run_all (res://tests/run_all.gd:27)
SCRIPT ERROR: Invalid call. Nonexistent function 'new' in base 'GDScript'.
   at: ThreeRoundEncounterSession._validate_setup (res://scripts/run/three_round_encounter_session.gd:294)
   GDScript backtrace (most recent call first):
       [0] _validate_setup (res://scripts/run/three_round_encounter_session.gd:294)
       [1] start (res://scripts/run/three_round_encounter_session.gd:57)
       [2] _create_normal_room (res://scripts/run/area_run_session.gd:442)
       [3] select_route (res://scripts/run/area_run_session.gd:157)
       [4] _drive_route_combination_to_dealer (res://tests/gold_corridor_area_run_test.gd:393)
       [5] _test_all_route_combinations_complete (res://tests/gold_corridor_area_run_test.gd:197)
       [6] run (res://tests/gold_corridor_area_run_test.gd:7)
       [7] _run_all (res://tests/run_all.gd:27)
SCRIPT ERROR: Invalid call. Nonexistent function 'new' in base 'GDScript'.
   at: CardCatalog.validate (res://scripts/cards/card_catalog.gd:112)
   GDScript backtrace (most recent call first):
       [0] validate (res://scripts/cards/card_catalog.gd:112)
       [1] start (res://scripts/run/three_round_encounter_session.gd:54)
       [2] _create_normal_room (res://scripts/run/area_run_session.gd:442)
       [3] select_route (res://scripts/run/area_run_session.gd:157)
       [4] _drive_route_combination_to_dealer (res://tests/gold_corridor_area_run_test.gd:393)
       [5] _test_all_route_combinations_complete (res://tests/gold_corridor_area_run_test.gd:197)
       [6] run (res://tests/gold_corridor_area_run_test.gd:7)
       [7] _run_all (res://tests/run_all.gd:27)
SCRIPT ERROR: Invalid call. Nonexistent function 'new' in base 'GDScript'.
   at: ThreeRoundEncounterSession._validate_setup (res://scripts/run/three_round_encounter_session.gd:294)
   GDScript backtrace (most recent call first):
       [0] _validate_setup (res://scripts/run/three_round_encounter_session.gd:294)
       [1] start (res://scripts/run/three_round_encounter_session.gd:57)
       [2] _create_normal_room (res://scripts/run/area_run_session.gd:442)
       [3] select_route (res://scripts/run/area_run_session.gd:157)
       [4] _drive_route_combination_to_dealer (res://tests/gold_corridor_area_run_test.gd:393)
       [5] _test_all_route_combinations_complete (res://tests/gold_corridor_area_run_test.gd:197)
       [6] run (res://tests/gold_corridor_area_run_test.gd:7)
       [7] _run_all (res://tests/run_all.gd:27)
SCRIPT ERROR: Invalid call. Nonexistent function 'new' in base 'GDScript'.
   at: CardCatalog.validate (res://scripts/cards/card_catalog.gd:112)
   GDScript backtrace (most recent call first):
       [0] validate (res://scripts/cards/card_catalog.gd:112)
       [1] start (res://scripts/run/three_round_encounter_session.gd:54)
       [2] _create_dealer (res://scripts/run/area_run_session.gd:478)
       [3] leave_shop (res://scripts/run/area_run_session.gd:312)
       [4] _drive_route_combination_to_dealer (res://tests/gold_corridor_area_run_test.gd:404)
       [5] _test_all_route_combinations_complete (res://tests/gold_corridor_area_run_test.gd:197)
       [6] run (res://tests/gold_corridor_area_run_test.gd:7)
       [7] _run_all (res://tests/run_all.gd:27)
SCRIPT ERROR: Invalid call. Nonexistent function 'new' in base 'GDScript'.
   at: ThreeRoundEncounterSession._validate_setup (res://scripts/run/three_round_encounter_session.gd:294)
   GDScript backtrace (most recent call first):
       [0] _validate_setup (res://scripts/run/three_round_encounter_session.gd:294)
       [1] start (res://scripts/run/three_round_encounter_session.gd:57)
       [2] _create_dealer (res://scripts/run/area_run_session.gd:478)
       [3] leave_shop (res://scripts/run/area_run_session.gd:312)
       [4] _drive_route_combination_to_dealer (res://tests/gold_corridor_area_run_test.gd:404)
       [5] _test_all_route_combinations_complete (res://tests/gold_corridor_area_run_test.gd:197)
       [6] run (res://tests/gold_corridor_area_run_test.gd:7)
       [7] _run_all (res://tests/run_all.gd:27)
SCRIPT ERROR: Invalid call. Nonexistent function 'new' in base 'GDScript'.
   at: CardCatalog.validate (res://scripts/cards/card_catalog.gd:112)
   GDScript backtrace (most recent call first):
       [0] validate (res://scripts/cards/card_catalog.gd:112)
       [1] start (res://scripts/run/area_run_session.gd:73)
       [2] _drive_route_combination_to_dealer (res://tests/gold_corridor_area_run_test.gd:390)
       [3] _test_all_route_combinations_complete (res://tests/gold_corridor_area_run_test.gd:197)
       [4] run (res://tests/gold_corridor_area_run_test.gd:7)
       [5] _run_all (res://tests/run_all.gd:27)
SCRIPT ERROR: Invalid call. Nonexistent function 'new' in base 'GDScript'.
   at: DealerCatalog.validate (res://scripts/dealers/dealer_catalog.gd:57)
   GDScript backtrace (most recent call first):
       [0] validate (res://scripts/dealers/dealer_catalog.gd:57)
       [1] start (res://scripts/run/area_run_session.gd:74)
       [2] _drive_route_combination_to_dealer (res://tests/gold_corridor_area_run_test.gd:390)
       [3] _test_all_route_combinations_complete (res://tests/gold_corridor_area_run_test.gd:197)
       [4] run (res://tests/gold_corridor_area_run_test.gd:7)
       [5] _run_all (res://tests/run_all.gd:27)
SCRIPT ERROR: Invalid call. Nonexistent function 'new' in base 'GDScript'.
   at: EngravingCatalog.validate (res://scripts/engravings/engraving_catalog.gd:78)
   GDScript backtrace (most recent call first):
       [0] validate (res://scripts/engravings/engraving_catalog.gd:78)
       [1] start (res://scripts/run/area_run_session.gd:75)
       [2] _drive_route_combination_to_dealer (res://tests/gold_corridor_area_run_test.gd:390)
       [3] _test_all_route_combinations_complete (res://tests/gold_corridor_area_run_test.gd:197)
       [4] run (res://tests/gold_corridor_area_run_test.gd:7)
       [5] _run_all (res://tests/run_all.gd:27)
SCRIPT ERROR: Invalid call. Nonexistent function 'new' in base 'GDScript'.
   at: AreaDefinition.validate (res://scripts/areas/area_definition.gd:60)
   GDScript backtrace (most recent call first):
       [0] validate (res://scripts/areas/area_definition.gd:60)
       [1] start (res://scripts/run/area_run_session.gd:79)
       [2] _drive_route_combination_to_dealer (res://tests/gold_corridor_area_run_test.gd:390)
       [3] _test_all_route_combinations_complete (res://tests/gold_corridor_area_run_test.gd:197)
       [4] run (res://tests/gold_corridor_area_run_test.gd:7)
       [5] _run_all (res://tests/run_all.gd:27)
SCRIPT ERROR: Invalid call. Nonexistent function 'new' in base 'GDScript'.
   at: CardCatalog.validate (res://scripts/cards/card_catalog.gd:112)
   GDScript backtrace (most recent call first):
       [0] validate (res://scripts/cards/card_catalog.gd:112)
       [1] start (res://scripts/run/three_round_encounter_session.gd:54)
       [2] _create_normal_room (res://scripts/run/area_run_session.gd:442)
       [3] select_route (res://scripts/run/area_run_session.gd:157)
       [4] _drive_route_combination_to_dealer (res://tests/gold_corridor_area_run_test.gd:393)
       [5] _test_all_route_combinations_complete (res://tests/gold_corridor_area_run_test.gd:197)
       [6] run (res://tests/gold_corridor_area_run_test.gd:7)
       [7] _run_all (res://tests/run_all.gd:27)
SCRIPT ERROR: Invalid call. Nonexistent function 'new' in base 'GDScript'.
   at: ThreeRoundEncounterSession._validate_setup (res://scripts/run/three_round_encounter_session.gd:294)
   GDScript backtrace (most recent call first):
       [0] _validate_setup (res://scripts/run/three_round_encounter_session.gd:294)
       [1] start (res://scripts/run/three_round_encounter_session.gd:57)
       [2] _create_normal_room (res://scripts/run/area_run_session.gd:442)
       [3] select_route (res://scripts/run/area_run_session.gd:157)
       [4] _drive_route_combination_to_dealer (res://tests/gold_corridor_area_run_test.gd:393)
       [5] _test_all_route_combinations_complete (res://tests/gold_corridor_area_run_test.gd:197)
       [6] run (res://tests/gold_corridor_area_run_test.gd:7)
       [7] _run_all (res://tests/run_all.gd:27)
SCRIPT ERROR: Invalid call. Nonexistent function 'new' in base 'GDScript'.
   at: CardCatalog.validate (res://scripts/cards/card_catalog.gd:112)
   GDScript backtrace (most recent call first):
       [0] validate (res://scripts/cards/card_catalog.gd:112)
       [1] start (res://scripts/run/three_round_encounter_session.gd:54)
       [2] _create_normal_room (res://scripts/run/area_run_session.gd:442)
       [3] select_route (res://scripts/run/area_run_session.gd:157)
       [4] _drive_route_combination_to_dealer (res://tests/gold_corridor_area_run_test.gd:393)
       [5] _test_all_route_combinations_complete (res://tests/gold_corridor_area_run_test.gd:197)
       [6] run (res://tests/gold_corridor_area_run_test.gd:7)
       [7] _run_all (res://tests/run_all.gd:27)
SCRIPT ERROR: Invalid call. Nonexistent function 'new' in base 'GDScript'.
   at: ThreeRoundEncounterSession._validate_setup (res://scripts/run/three_round_encounter_session.gd:294)
   GDScript backtrace (most recent call first):
       [0] _validate_setup (res://scripts/run/three_round_encounter_session.gd:294)
       [1] start (res://scripts/run/three_round_encounter_session.gd:57)
       [2] _create_normal_room (res://scripts/run/area_run_session.gd:442)
       [3] select_route (res://scripts/run/area_run_session.gd:157)
       [4] _drive_route_combination_to_dealer (res://tests/gold_corridor_area_run_test.gd:393)
       [5] _test_all_route_combinations_complete (res://tests/gold_corridor_area_run_test.gd:197)
       [6] run (res://tests/gold_corridor_area_run_test.gd:7)
       [7] _run_all (res://tests/run_all.gd:27)
SCRIPT ERROR: Invalid call. Nonexistent function 'new' in base 'GDScript'.
   at: CardCatalog.validate (res://scripts/cards/card_catalog.gd:112)
   GDScript backtrace (most recent call first):
       [0] validate (res://scripts/cards/card_catalog.gd:112)
       [1] start (res://scripts/run/three_round_encounter_session.gd:54)
       [2] _create_dealer (res://scripts/run/area_run_session.gd:478)
       [3] leave_shop (res://scripts/run/area_run_session.gd:312)
       [4] _drive_route_combination_to_dealer (res://tests/gold_corridor_area_run_test.gd:404)
       [5] _test_all_route_combinations_complete (res://tests/gold_corridor_area_run_test.gd:197)
       [6] run (res://tests/gold_corridor_area_run_test.gd:7)
       [7] _run_all (res://tests/run_all.gd:27)
SCRIPT ERROR: Invalid call. Nonexistent function 'new' in base 'GDScript'.
   at: ThreeRoundEncounterSession._validate_setup (res://scripts/run/three_round_encounter_session.gd:294)
   GDScript backtrace (most recent call first):
       [0] _validate_setup (res://scripts/run/three_round_encounter_session.gd:294)
       [1] start (res://scripts/run/three_round_encounter_session.gd:57)
       [2] _create_dealer (res://scripts/run/area_run_session.gd:478)
       [3] leave_shop (res://scripts/run/area_run_session.gd:312)
       [4] _drive_route_combination_to_dealer (res://tests/gold_corridor_area_run_test.gd:404)
       [5] _test_all_route_combinations_complete (res://tests/gold_corridor_area_run_test.gd:197)
       [6] run (res://tests/gold_corridor_area_run_test.gd:7)
       [7] _run_all (res://tests/run_all.gd:27)
SCRIPT ERROR: Invalid call. Nonexistent function 'new' in base 'GDScript'.
   at: CardCatalog.validate (res://scripts/cards/card_catalog.gd:112)
   GDScript backtrace (most recent call first):
       [0] validate (res://scripts/cards/card_catalog.gd:112)
       [1] start (res://scripts/run/area_run_session.gd:73)
       [2] _drive_route_combination_to_dealer (res://tests/gold_corridor_area_run_test.gd:390)
       [3] _test_all_route_combinations_complete (res://tests/gold_corridor_area_run_test.gd:197)
       [4] run (res://tests/gold_corridor_area_run_test.gd:7)
       [5] _run_all (res://tests/run_all.gd:27)
SCRIPT ERROR: Invalid call. Nonexistent function 'new' in base 'GDScript'.
   at: DealerCatalog.validate (res://scripts/dealers/dealer_catalog.gd:57)
   GDScript backtrace (most recent call first):
       [0] validate (res://scripts/dealers/dealer_catalog.gd:57)
       [1] start (res://scripts/run/area_run_session.gd:74)
       [2] _drive_route_combination_to_dealer (res://tests/gold_corridor_area_run_test.gd:390)
       [3] _test_all_route_combinations_complete (res://tests/gold_corridor_area_run_test.gd:197)
       [4] run (res://tests/gold_corridor_area_run_test.gd:7)
       [5] _run_all (res://tests/run_all.gd:27)
SCRIPT ERROR: Invalid call. Nonexistent function 'new' in base 'GDScript'.
   at: EngravingCatalog.validate (res://scripts/engravings/engraving_catalog.gd:78)
   GDScript backtrace (most recent call first):
       [0] validate (res://scripts/engravings/engraving_catalog.gd:78)
       [1] start (res://scripts/run/area_run_session.gd:75)
       [2] _drive_route_combination_to_dealer (res://tests/gold_corridor_area_run_test.gd:390)
       [3] _test_all_route_combinations_complete (res://tests/gold_corridor_area_run_test.gd:197)
       [4] run (res://tests/gold_corridor_area_run_test.gd:7)
       [5] _run_all (res://tests/run_all.gd:27)
SCRIPT ERROR: Invalid call. Nonexistent function 'new' in base 'GDScript'.
   at: AreaDefinition.validate (res://scripts/areas/area_definition.gd:60)
   GDScript backtrace (most recent call first):
       [0] validate (res://scripts/areas/area_definition.gd:60)
       [1] start (res://scripts/run/area_run_session.gd:79)
       [2] _drive_route_combination_to_dealer (res://tests/gold_corridor_area_run_test.gd:390)
       [3] _test_all_route_combinations_complete (res://tests/gold_corridor_area_run_test.gd:197)
       [4] run (res://tests/gold_corridor_area_run_test.gd:7)
       [5] _run_all (res://tests/run_all.gd:27)
SCRIPT ERROR: Invalid call. Nonexistent function 'new' in base 'GDScript'.
   at: CardCatalog.validate (res://scripts/cards/card_catalog.gd:112)
   GDScript backtrace (most recent call first):
       [0] validate (res://scripts/cards/card_catalog.gd:112)
       [1] start (res://scripts/run/three_round_encounter_session.gd:54)
       [2] _create_normal_room (res://scripts/run/area_run_session.gd:442)
       [3] select_route (res://scripts/run/area_run_session.gd:157)
       [4] _drive_route_combination_to_dealer (res://tests/gold_corridor_area_run_test.gd:393)
       [5] _test_all_route_combinations_complete (res://tests/gold_corridor_area_run_test.gd:197)
       [6] run (res://tests/gold_corridor_area_run_test.gd:7)
       [7] _run_all (res://tests/run_all.gd:27)
SCRIPT ERROR: Invalid call. Nonexistent function 'new' in base 'GDScript'.
   at: ThreeRoundEncounterSession._validate_setup (res://scripts/run/three_round_encounter_session.gd:294)
   GDScript backtrace (most recent call first):
       [0] _validate_setup (res://scripts/run/three_round_encounter_session.gd:294)
       [1] start (res://scripts/run/three_round_encounter_session.gd:57)
       [2] _create_normal_room (res://scripts/run/area_run_session.gd:442)
       [3] select_route (res://scripts/run/area_run_session.gd:157)
       [4] _drive_route_combination_to_dealer (res://tests/gold_corridor_area_run_test.gd:393)
       [5] _test_all_route_combinations_complete (res://tests/gold_corridor_area_run_test.gd:197)
       [6] run (res://tests/gold_corridor_area_run_test.gd:7)
       [7] _run_all (res://tests/run_all.gd:27)
SCRIPT ERROR: Invalid call. Nonexistent function 'new' in base 'GDScript'.
   at: CardCatalog.validate (res://scripts/cards/card_catalog.gd:112)
   GDScript backtrace (most recent call first):
       [0] validate (res://scripts/cards/card_catalog.gd:112)
       [1] start (res://scripts/run/three_round_encounter_session.gd:54)
       [2] _create_normal_room (res://scripts/run/area_run_session.gd:442)
       [3] select_route (res://scripts/run/area_run_session.gd:157)
       [4] _drive_route_combination_to_dealer (res://tests/gold_corridor_area_run_test.gd:393)
       [5] _test_all_route_combinations_complete (res://tests/gold_corridor_area_run_test.gd:197)
       [6] run (res://tests/gold_corridor_area_run_test.gd:7)
       [7] _run_all (res://tests/run_all.gd:27)
SCRIPT ERROR: Invalid call. Nonexistent function 'new' in base 'GDScript'.
   at: ThreeRoundEncounterSession._validate_setup (res://scripts/run/three_round_encounter_session.gd:294)
   GDScript backtrace (most recent call first):
       [0] _validate_setup (res://scripts/run/three_round_encounter_session.gd:294)
       [1] start (res://scripts/run/three_round_encounter_session.gd:57)
       [2] _create_normal_room (res://scripts/run/area_run_session.gd:442)
       [3] select_route (res://scripts/run/area_run_session.gd:157)
       [4] _drive_route_combination_to_dealer (res://tests/gold_corridor_area_run_test.gd:393)
       [5] _test_all_route_combinations_complete (res://tests/gold_corridor_area_run_test.gd:197)
       [6] run (res://tests/gold_corridor_area_run_test.gd:7)
       [7] _run_all (res://tests/run_all.gd:27)
SCRIPT ERROR: Invalid call. Nonexistent function 'new' in base 'GDScript'.
   at: CardCatalog.validate (res://scripts/cards/card_catalog.gd:112)
   GDScript backtrace (most recent call first):
       [0] validate (res://scripts/cards/card_catalog.gd:112)
       [1] start (res://scripts/run/three_round_encounter_session.gd:54)
       [2] _create_dealer (res://scripts/run/area_run_session.gd:478)
       [3] leave_shop (res://scripts/run/area_run_session.gd:312)
       [4] _drive_route_combination_to_dealer (res://tests/gold_corridor_area_run_test.gd:404)
       [5] _test_all_route_combinations_complete (res://tests/gold_corridor_area_run_test.gd:197)
       [6] run (res://tests/gold_corridor_area_run_test.gd:7)
       [7] _run_all (res://tests/run_all.gd:27)
SCRIPT ERROR: Invalid call. Nonexistent function 'new' in base 'GDScript'.
   at: ThreeRoundEncounterSession._validate_setup (res://scripts/run/three_round_encounter_session.gd:294)
   GDScript backtrace (most recent call first):
       [0] _validate_setup (res://scripts/run/three_round_encounter_session.gd:294)
       [1] start (res://scripts/run/three_round_encounter_session.gd:57)
       [2] _create_dealer (res://scripts/run/area_run_session.gd:478)
       [3] leave_shop (res://scripts/run/area_run_session.gd:312)
       [4] _drive_route_combination_to_dealer (res://tests/gold_corridor_area_run_test.gd:404)
       [5] _test_all_route_combinations_complete (res://tests/gold_corridor_area_run_test.gd:197)
       [6] run (res://tests/gold_corridor_area_run_test.gd:7)
       [7] _run_all (res://tests/run_all.gd:27)
SCRIPT ERROR: Invalid call. Nonexistent function 'new' in base 'GDScript'.
   at: CardCatalog.validate (res://scripts/cards/card_catalog.gd:112)
   GDScript backtrace (most recent call first):
       [0] validate (res://scripts/cards/card_catalog.gd:112)
       [1] start (res://scripts/run/area_run_session.gd:73)
       [2] _drive_route_combination_to_dealer (res://tests/gold_corridor_area_run_test.gd:390)
       [3] _test_all_route_combinations_complete (res://tests/gold_corridor_area_run_test.gd:197)
       [4] run (res://tests/gold_corridor_area_run_test.gd:7)
       [5] _run_all (res://tests/run_all.gd:27)
SCRIPT ERROR: Invalid call. Nonexistent function 'new' in base 'GDScript'.
   at: DealerCatalog.validate (res://scripts/dealers/dealer_catalog.gd:57)
   GDScript backtrace (most recent call first):
       [0] validate (res://scripts/dealers/dealer_catalog.gd:57)
       [1] start (res://scripts/run/area_run_session.gd:74)
       [2] _drive_route_combination_to_dealer (res://tests/gold_corridor_area_run_test.gd:390)
       [3] _test_all_route_combinations_complete (res://tests/gold_corridor_area_run_test.gd:197)
       [4] run (res://tests/gold_corridor_area_run_test.gd:7)
       [5] _run_all (res://tests/run_all.gd:27)
SCRIPT ERROR: Invalid call. Nonexistent function 'new' in base 'GDScript'.
   at: EngravingCatalog.validate (res://scripts/engravings/engraving_catalog.gd:78)
   GDScript backtrace (most recent call first):
       [0] validate (res://scripts/engravings/engraving_catalog.gd:78)
       [1] start (res://scripts/run/area_run_session.gd:75)
       [2] _drive_route_combination_to_dealer (res://tests/gold_corridor_area_run_test.gd:390)
       [3] _test_all_route_combinations_complete (res://tests/gold_corridor_area_run_test.gd:197)
       [4] run (res://tests/gold_corridor_area_run_test.gd:7)
       [5] _run_all (res://tests/run_all.gd:27)
SCRIPT ERROR: Invalid call. Nonexistent function 'new' in base 'GDScript'.
   at: AreaDefinition.validate (res://scripts/areas/area_definition.gd:60)
   GDScript backtrace (most recent call first):
       [0] validate (res://scripts/areas/area_definition.gd:60)
       [1] start (res://scripts/run/area_run_session.gd:79)
       [2] _drive_route_combination_to_dealer (res://tests/gold_corridor_area_run_test.gd:390)
       [3] _test_all_route_combinations_complete (res://tests/gold_corridor_area_run_test.gd:197)
       [4] run (res://tests/gold_corridor_area_run_test.gd:7)
       [5] _run_all (res://tests/run_all.gd:27)
SCRIPT ERROR: Invalid call. Nonexistent function 'new' in base 'GDScript'.
   at: CardCatalog.validate (res://scripts/cards/card_catalog.gd:112)
   GDScript backtrace (most recent call first):
       [0] validate (res://scripts/cards/card_catalog.gd:112)
       [1] start (res://scripts/run/three_round_encounter_session.gd:54)
       [2] _create_normal_room (res://scripts/run/area_run_session.gd:442)
       [3] select_route (res://scripts/run/area_run_session.gd:157)
       [4] _drive_route_combination_to_dealer (res://tests/gold_corridor_area_run_test.gd:393)
       [5] _test_all_route_combinations_complete (res://tests/gold_corridor_area_run_test.gd:197)
       [6] run (res://tests/gold_corridor_area_run_test.gd:7)
       [7] _run_all (res://tests/run_all.gd:27)
SCRIPT ERROR: Invalid call. Nonexistent function 'new' in base 'GDScript'.
   at: ThreeRoundEncounterSession._validate_setup (res://scripts/run/three_round_encounter_session.gd:294)
   GDScript backtrace (most recent call first):
       [0] _validate_setup (res://scripts/run/three_round_encounter_session.gd:294)
       [1] start (res://scripts/run/three_round_encounter_session.gd:57)
       [2] _create_normal_room (res://scripts/run/area_run_session.gd:442)
       [3] select_route (res://scripts/run/area_run_session.gd:157)
       [4] _drive_route_combination_to_dealer (res://tests/gold_corridor_area_run_test.gd:393)
       [5] _test_all_route_combinations_complete (res://tests/gold_corridor_area_run_test.gd:197)
       [6] run (res://tests/gold_corridor_area_run_test.gd:7)
       [7] _run_all (res://tests/run_all.gd:27)
SCRIPT ERROR: Invalid call. Nonexistent function 'new' in base 'GDScript'.
   at: CardCatalog.validate (res://scripts/cards/card_catalog.gd:112)
   GDScript backtrace (most recent call first):
       [0] validate (res://scripts/cards/card_catalog.gd:112)
       [1] start (res://scripts/run/three_round_encounter_session.gd:54)
       [2] _create_normal_room (res://scripts/run/area_run_session.gd:442)
       [3] select_route (res://scripts/run/area_run_session.gd:157)
       [4] _drive_route_combination_to_dealer (res://tests/gold_corridor_area_run_test.gd:393)
       [5] _test_all_route_combinations_complete (res://tests/gold_corridor_area_run_test.gd:197)
       [6] run (res://tests/gold_corridor_area_run_test.gd:7)
       [7] _run_all (res://tests/run_all.gd:27)
SCRIPT ERROR: Invalid call. Nonexistent function 'new' in base 'GDScript'.
   at: ThreeRoundEncounterSession._validate_setup (res://scripts/run/three_round_encounter_session.gd:294)
   GDScript backtrace (most recent call first):
       [0] _validate_setup (res://scripts/run/three_round_encounter_session.gd:294)
       [1] start (res://scripts/run/three_round_encounter_session.gd:57)
       [2] _create_normal_room (res://scripts/run/area_run_session.gd:442)
       [3] select_route (res://scripts/run/area_run_session.gd:157)
       [4] _drive_route_combination_to_dealer (res://tests/gold_corridor_area_run_test.gd:393)
       [5] _test_all_route_combinations_complete (res://tests/gold_corridor_area_run_test.gd:197)
       [6] run (res://tests/gold_corridor_area_run_test.gd:7)
       [7] _run_all (res://tests/run_all.gd:27)
SCRIPT ERROR: Invalid call. Nonexistent function 'new' in base 'GDScript'.
   at: CardCatalog.validate (res://scripts/cards/card_catalog.gd:112)
   GDScript backtrace (most recent call first):
       [0] validate (res://scripts/cards/card_catalog.gd:112)
       [1] start (res://scripts/run/three_round_encounter_session.gd:54)
       [2] _create_dealer (res://scripts/run/area_run_session.gd:478)
       [3] leave_shop (res://scripts/run/area_run_session.gd:312)
       [4] _drive_route_combination_to_dealer (res://tests/gold_corridor_area_run_test.gd:404)
       [5] _test_all_route_combinations_complete (res://tests/gold_corridor_area_run_test.gd:197)
       [6] run (res://tests/gold_corridor_area_run_test.gd:7)
       [7] _run_all (res://tests/run_all.gd:27)
SCRIPT ERROR: Invalid call. Nonexistent function 'new' in base 'GDScript'.
   at: ThreeRoundEncounterSession._validate_setup (res://scripts/run/three_round_encounter_session.gd:294)
   GDScript backtrace (most recent call first):
       [0] _validate_setup (res://scripts/run/three_round_encounter_session.gd:294)
       [1] start (res://scripts/run/three_round_encounter_session.gd:57)
       [2] _create_dealer (res://scripts/run/area_run_session.gd:478)
       [3] leave_shop (res://scripts/run/area_run_session.gd:312)
       [4] _drive_route_combination_to_dealer (res://tests/gold_corridor_area_run_test.gd:404)
       [5] _test_all_route_combinations_complete (res://tests/gold_corridor_area_run_test.gd:197)
       [6] run (res://tests/gold_corridor_area_run_test.gd:7)
       [7] _run_all (res://tests/run_all.gd:27)
SCRIPT ERROR: Invalid call. Nonexistent function 'new' in base 'GDScript'.
   at: CardCatalog.validate (res://scripts/cards/card_catalog.gd:112)
   GDScript backtrace (most recent call first):
       [0] validate (res://scripts/cards/card_catalog.gd:112)
       [1] start (res://scripts/run/area_run_session.gd:73)
       [2] _test_failures_end_the_area (res://tests/gold_corridor_area_run_test.gd:251)
       [3] run (res://tests/gold_corridor_area_run_test.gd:8)
       [4] _run_all (res://tests/run_all.gd:27)
SCRIPT ERROR: Invalid call. Nonexistent function 'new' in base 'GDScript'.
   at: DealerCatalog.validate (res://scripts/dealers/dealer_catalog.gd:57)
   GDScript backtrace (most recent call first):
       [0] validate (res://scripts/dealers/dealer_catalog.gd:57)
       [1] start (res://scripts/run/area_run_session.gd:74)
       [2] _test_failures_end_the_area (res://tests/gold_corridor_area_run_test.gd:251)
       [3] run (res://tests/gold_corridor_area_run_test.gd:8)
       [4] _run_all (res://tests/run_all.gd:27)
SCRIPT ERROR: Invalid call. Nonexistent function 'new' in base 'GDScript'.
   at: EngravingCatalog.validate (res://scripts/engravings/engraving_catalog.gd:78)
   GDScript backtrace (most recent call first):
       [0] validate (res://scripts/engravings/engraving_catalog.gd:78)
       [1] start (res://scripts/run/area_run_session.gd:75)
       [2] _test_failures_end_the_area (res://tests/gold_corridor_area_run_test.gd:251)
       [3] run (res://tests/gold_corridor_area_run_test.gd:8)
       [4] _run_all (res://tests/run_all.gd:27)
SCRIPT ERROR: Invalid call. Nonexistent function 'new' in base 'GDScript'.
   at: AreaDefinition.validate (res://scripts/areas/area_definition.gd:60)
   GDScript backtrace (most recent call first):
       [0] validate (res://scripts/areas/area_definition.gd:60)
       [1] start (res://scripts/run/area_run_session.gd:79)
       [2] _test_failures_end_the_area (res://tests/gold_corridor_area_run_test.gd:251)
       [3] run (res://tests/gold_corridor_area_run_test.gd:8)
       [4] _run_all (res://tests/run_all.gd:27)
SCRIPT ERROR: Invalid call. Nonexistent function 'new' in base 'GDScript'.
   at: CardCatalog.validate (res://scripts/cards/card_catalog.gd:112)
   GDScript backtrace (most recent call first):
       [0] validate (res://scripts/cards/card_catalog.gd:112)
       [1] start (res://scripts/run/three_round_encounter_session.gd:54)
       [2] _create_normal_room (res://scripts/run/area_run_session.gd:442)
       [3] select_route (res://scripts/run/area_run_session.gd:157)
       [4] _test_failures_end_the_area (res://tests/gold_corridor_area_run_test.gd:252)
       [5] run (res://tests/gold_corridor_area_run_test.gd:8)
       [6] _run_all (res://tests/run_all.gd:27)
SCRIPT ERROR: Invalid call. Nonexistent function 'new' in base 'GDScript'.
   at: ThreeRoundEncounterSession._validate_setup (res://scripts/run/three_round_encounter_session.gd:294)
   GDScript backtrace (most recent call first):
       [0] _validate_setup (res://scripts/run/three_round_encounter_session.gd:294)
       [1] start (res://scripts/run/three_round_encounter_session.gd:57)
       [2] _create_normal_room (res://scripts/run/area_run_session.gd:442)
       [3] select_route (res://scripts/run/area_run_session.gd:157)
       [4] _test_failures_end_the_area (res://tests/gold_corridor_area_run_test.gd:252)
       [5] run (res://tests/gold_corridor_area_run_test.gd:8)
       [6] _run_all (res://tests/run_all.gd:27)
SCRIPT ERROR: Invalid call. Nonexistent function 'new' in base 'GDScript'.
   at: CardCatalog.validate (res://scripts/cards/card_catalog.gd:112)
   GDScript backtrace (most recent call first):
       [0] validate (res://scripts/cards/card_catalog.gd:112)
       [1] start (res://scripts/run/area_run_session.gd:73)
       [2] _test_failures_end_the_area (res://tests/gold_corridor_area_run_test.gd:264)
       [3] run (res://tests/gold_corridor_area_run_test.gd:8)
       [4] _run_all (res://tests/run_all.gd:27)
SCRIPT ERROR: Invalid call. Nonexistent function 'new' in base 'GDScript'.
   at: DealerCatalog.validate (res://scripts/dealers/dealer_catalog.gd:57)
   GDScript backtrace (most recent call first):
       [0] validate (res://scripts/dealers/dealer_catalog.gd:57)
       [1] start (res://scripts/run/area_run_session.gd:74)
       [2] _test_failures_end_the_area (res://tests/gold_corridor_area_run_test.gd:264)
       [3] run (res://tests/gold_corridor_area_run_test.gd:8)
       [4] _run_all (res://tests/run_all.gd:27)
SCRIPT ERROR: Invalid call. Nonexistent function 'new' in base 'GDScript'.
   at: EngravingCatalog.validate (res://scripts/engravings/engraving_catalog.gd:78)
   GDScript backtrace (most recent call first):
       [0] validate (res://scripts/engravings/engraving_catalog.gd:78)
       [1] start (res://scripts/run/area_run_session.gd:75)
       [2] _test_failures_end_the_area (res://tests/gold_corridor_area_run_test.gd:264)
       [3] run (res://tests/gold_corridor_area_run_test.gd:8)
       [4] _run_all (res://tests/run_all.gd:27)
SCRIPT ERROR: Invalid call. Nonexistent function 'new' in base 'GDScript'.
   at: AreaDefinition.validate (res://scripts/areas/area_definition.gd:60)
   GDScript backtrace (most recent call first):
       [0] validate (res://scripts/areas/area_definition.gd:60)
       [1] start (res://scripts/run/area_run_session.gd:79)
       [2] _test_failures_end_the_area (res://tests/gold_corridor_area_run_test.gd:264)
       [3] run (res://tests/gold_corridor_area_run_test.gd:8)
       [4] _run_all (res://tests/run_all.gd:27)
SCRIPT ERROR: Invalid call. Nonexistent function 'new' in base 'GDScript'.
   at: CardCatalog.validate (res://scripts/cards/card_catalog.gd:112)
   GDScript backtrace (most recent call first):
       [0] validate (res://scripts/cards/card_catalog.gd:112)
       [1] start (res://scripts/run/three_round_encounter_session.gd:54)
       [2] _create_normal_room (res://scripts/run/area_run_session.gd:442)
       [3] select_route (res://scripts/run/area_run_session.gd:157)
       [4] _test_failures_end_the_area (res://tests/gold_corridor_area_run_test.gd:265)
       [5] run (res://tests/gold_corridor_area_run_test.gd:8)
       [6] _run_all (res://tests/run_all.gd:27)
SCRIPT ERROR: Invalid call. Nonexistent function 'new' in base 'GDScript'.
   at: ThreeRoundEncounterSession._validate_setup (res://scripts/run/three_round_encounter_session.gd:294)
   GDScript backtrace (most recent call first):
       [0] _validate_setup (res://scripts/run/three_round_encounter_session.gd:294)
       [1] start (res://scripts/run/three_round_encounter_session.gd:57)
       [2] _create_normal_room (res://scripts/run/area_run_session.gd:442)
       [3] select_route (res://scripts/run/area_run_session.gd:157)
       [4] _test_failures_end_the_area (res://tests/gold_corridor_area_run_test.gd:265)
       [5] run (res://tests/gold_corridor_area_run_test.gd:8)
       [6] _run_all (res://tests/run_all.gd:27)
SCRIPT ERROR: Invalid call. Nonexistent function 'new' in base 'GDScript'.
   at: CardCatalog.validate (res://scripts/cards/card_catalog.gd:112)
   GDScript backtrace (most recent call first):
       [0] validate (res://scripts/cards/card_catalog.gd:112)
       [1] start (res://scripts/run/three_round_encounter_session.gd:54)
       [2] _create_normal_room (res://scripts/run/area_run_session.gd:442)
       [3] select_route (res://scripts/run/area_run_session.gd:157)
       [4] _test_failures_end_the_area (res://tests/gold_corridor_area_run_test.gd:272)
       [5] run (res://tests/gold_corridor_area_run_test.gd:8)
       [6] _run_all (res://tests/run_all.gd:27)
SCRIPT ERROR: Invalid call. Nonexistent function 'new' in base 'GDScript'.
   at: ThreeRoundEncounterSession._validate_setup (res://scripts/run/three_round_encounter_session.gd:294)
   GDScript backtrace (most recent call first):
       [0] _validate_setup (res://scripts/run/three_round_encounter_session.gd:294)
       [1] start (res://scripts/run/three_round_encounter_session.gd:57)
       [2] _create_normal_room (res://scripts/run/area_run_session.gd:442)
       [3] select_route (res://scripts/run/area_run_session.gd:157)
       [4] _test_failures_end_the_area (res://tests/gold_corridor_area_run_test.gd:272)
       [5] run (res://tests/gold_corridor_area_run_test.gd:8)
       [6] _run_all (res://tests/run_all.gd:27)
SCRIPT ERROR: Invalid call. Nonexistent function 'new' in base 'GDScript'.
   at: CardCatalog.validate (res://scripts/cards/card_catalog.gd:112)
   GDScript backtrace (most recent call first):
       [0] validate (res://scripts/cards/card_catalog.gd:112)
       [1] start (res://scripts/run/area_run_session.gd:73)
       [2] _drive_route_combination_to_dealer (res://tests/gold_corridor_area_run_test.gd:390)
       [3] _test_failures_end_the_area (res://tests/gold_corridor_area_run_test.gd:283)
       [4] run (res://tests/gold_corridor_area_run_test.gd:8)
       [5] _run_all (res://tests/run_all.gd:27)
SCRIPT ERROR: Invalid call. Nonexistent function 'new' in base 'GDScript'.
   at: DealerCatalog.validate (res://scripts/dealers/dealer_catalog.gd:57)
   GDScript backtrace (most recent call first):
       [0] validate (res://scripts/dealers/dealer_catalog.gd:57)
       [1] start (res://scripts/run/area_run_session.gd:74)
       [2] _drive_route_combination_to_dealer (res://tests/gold_corridor_area_run_test.gd:390)
       [3] _test_failures_end_the_area (res://tests/gold_corridor_area_run_test.gd:283)
       [4] run (res://tests/gold_corridor_area_run_test.gd:8)
       [5] _run_all (res://tests/run_all.gd:27)
SCRIPT ERROR: Invalid call. Nonexistent function 'new' in base 'GDScript'.
   at: EngravingCatalog.validate (res://scripts/engravings/engraving_catalog.gd:78)
   GDScript backtrace (most recent call first):
       [0] validate (res://scripts/engravings/engraving_catalog.gd:78)
       [1] start (res://scripts/run/area_run_session.gd:75)
       [2] _drive_route_combination_to_dealer (res://tests/gold_corridor_area_run_test.gd:390)
       [3] _test_failures_end_the_area (res://tests/gold_corridor_area_run_test.gd:283)
       [4] run (res://tests/gold_corridor_area_run_test.gd:8)
       [5] _run_all (res://tests/run_all.gd:27)
SCRIPT ERROR: Invalid call. Nonexistent function 'new' in base 'GDScript'.
   at: AreaDefinition.validate (res://scripts/areas/area_definition.gd:60)
   GDScript backtrace (most recent call first):
       [0] validate (res://scripts/areas/area_definition.gd:60)
       [1] start (res://scripts/run/area_run_session.gd:79)
       [2] _drive_route_combination_to_dealer (res://tests/gold_corridor_area_run_test.gd:390)
       [3] _test_failures_end_the_area (res://tests/gold_corridor_area_run_test.gd:283)
       [4] run (res://tests/gold_corridor_area_run_test.gd:8)
       [5] _run_all (res://tests/run_all.gd:27)
SCRIPT ERROR: Invalid call. Nonexistent function 'new' in base 'GDScript'.
   at: CardCatalog.validate (res://scripts/cards/card_catalog.gd:112)
   GDScript backtrace (most recent call first):
       [0] validate (res://scripts/cards/card_catalog.gd:112)
       [1] start (res://scripts/run/three_round_encounter_session.gd:54)
       [2] _create_normal_room (res://scripts/run/area_run_session.gd:442)
       [3] select_route (res://scripts/run/area_run_session.gd:157)
       [4] _drive_route_combination_to_dealer (res://tests/gold_corridor_area_run_test.gd:393)
       [5] _test_failures_end_the_area (res://tests/gold_corridor_area_run_test.gd:283)
       [6] run (res://tests/gold_corridor_area_run_test.gd:8)
       [7] _run_all (res://tests/run_all.gd:27)
SCRIPT ERROR: Invalid call. Nonexistent function 'new' in base 'GDScript'.
   at: ThreeRoundEncounterSession._validate_setup (res://scripts/run/three_round_encounter_session.gd:294)
   GDScript backtrace (most recent call first):
       [0] _validate_setup (res://scripts/run/three_round_encounter_session.gd:294)
       [1] start (res://scripts/run/three_round_encounter_session.gd:57)
       [2] _create_normal_room (res://scripts/run/area_run_session.gd:442)
       [3] select_route (res://scripts/run/area_run_session.gd:157)
       [4] _drive_route_combination_to_dealer (res://tests/gold_corridor_area_run_test.gd:393)
       [5] _test_failures_end_the_area (res://tests/gold_corridor_area_run_test.gd:283)
       [6] run (res://tests/gold_corridor_area_run_test.gd:8)
       [7] _run_all (res://tests/run_all.gd:27)
SCRIPT ERROR: Invalid call. Nonexistent function 'new' in base 'GDScript'.
   at: CardCatalog.validate (res://scripts/cards/card_catalog.gd:112)
   GDScript backtrace (most recent call first):
       [0] validate (res://scripts/cards/card_catalog.gd:112)
       [1] start (res://scripts/run/three_round_encounter_session.gd:54)
       [2] _create_normal_room (res://scripts/run/area_run_session.gd:442)
       [3] select_route (res://scripts/run/area_run_session.gd:157)
       [4] _drive_route_combination_to_dealer (res://tests/gold_corridor_area_run_test.gd:393)
       [5] _test_failures_end_the_area (res://tests/gold_corridor_area_run_test.gd:283)
       [6] run (res://tests/gold_corridor_area_run_test.gd:8)
       [7] _run_all (res://tests/run_all.gd:27)
SCRIPT ERROR: Invalid call. Nonexistent function 'new' in base 'GDScript'.
   at: ThreeRoundEncounterSession._validate_setup (res://scripts/run/three_round_encounter_session.gd:294)
   GDScript backtrace (most recent call first):
       [0] _validate_setup (res://scripts/run/three_round_encounter_session.gd:294)
       [1] start (res://scripts/run/three_round_encounter_session.gd:57)
       [2] _create_normal_room (res://scripts/run/area_run_session.gd:442)
       [3] select_route (res://scripts/run/area_run_session.gd:157)
       [4] _drive_route_combination_to_dealer (res://tests/gold_corridor_area_run_test.gd:393)
       [5] _test_failures_end_the_area (res://tests/gold_corridor_area_run_test.gd:283)
       [6] run (res://tests/gold_corridor_area_run_test.gd:8)
       [7] _run_all (res://tests/run_all.gd:27)
SCRIPT ERROR: Invalid call. Nonexistent function 'new' in base 'GDScript'.
   at: CardCatalog.validate (res://scripts/cards/card_catalog.gd:112)
   GDScript backtrace (most recent call first):
       [0] validate (res://scripts/cards/card_catalog.gd:112)
       [1] start (res://scripts/run/three_round_encounter_session.gd:54)
       [2] _create_dealer (res://scripts/run/area_run_session.gd:478)
       [3] leave_shop (res://scripts/run/area_run_session.gd:312)
       [4] _drive_route_combination_to_dealer (res://tests/gold_corridor_area_run_test.gd:404)
       [5] _test_failures_end_the_area (res://tests/gold_corridor_area_run_test.gd:283)
       [6] run (res://tests/gold_corridor_area_run_test.gd:8)
       [7] _run_all (res://tests/run_all.gd:27)
SCRIPT ERROR: Invalid call. Nonexistent function 'new' in base 'GDScript'.
   at: ThreeRoundEncounterSession._validate_setup (res://scripts/run/three_round_encounter_session.gd:294)
   GDScript backtrace (most recent call first):
       [0] _validate_setup (res://scripts/run/three_round_encounter_session.gd:294)
       [1] start (res://scripts/run/three_round_encounter_session.gd:57)
       [2] _create_dealer (res://scripts/run/area_run_session.gd:478)
       [3] leave_shop (res://scripts/run/area_run_session.gd:312)
       [4] _drive_route_combination_to_dealer (res://tests/gold_corridor_area_run_test.gd:404)
       [5] _test_failures_end_the_area (res://tests/gold_corridor_area_run_test.gd:283)
       [6] run (res://tests/gold_corridor_area_run_test.gd:8)
       [7] _run_all (res://tests/run_all.gd:27)
SCRIPT ERROR: Invalid call. Nonexistent function 'new' in base 'GDScript'.
   at: CardCatalog.validate (res://scripts/cards/card_catalog.gd:112)
   GDScript backtrace (most recent call first):
       [0] validate (res://scripts/cards/card_catalog.gd:112)
       [1] start (res://scripts/run/area_run_session.gd:73)
       [2] _drive_route_combination_to_dealer (res://tests/gold_corridor_area_run_test.gd:390)
       [3] _test_restart_replays_from_seed (res://tests/gold_corridor_area_run_test.gd:298)
       [4] run (res://tests/gold_corridor_area_run_test.gd:9)
       [5] _run_all (res://tests/run_all.gd:27)
SCRIPT ERROR: Invalid call. Nonexistent function 'new' in base 'GDScript'.
   at: DealerCatalog.validate (res://scripts/dealers/dealer_catalog.gd:57)
   GDScript backtrace (most recent call first):
       [0] validate (res://scripts/dealers/dealer_catalog.gd:57)
       [1] start (res://scripts/run/area_run_session.gd:74)
       [2] _drive_route_combination_to_dealer (res://tests/gold_corridor_area_run_test.gd:390)
       [3] _test_restart_replays_from_seed (res://tests/gold_corridor_area_run_test.gd:298)
       [4] run (res://tests/gold_corridor_area_run_test.gd:9)
       [5] _run_all (res://tests/run_all.gd:27)
SCRIPT ERROR: Invalid call. Nonexistent function 'new' in base 'GDScript'.
   at: EngravingCatalog.validate (res://scripts/engravings/engraving_catalog.gd:78)
   GDScript backtrace (most recent call first):
       [0] validate (res://scripts/engravings/engraving_catalog.gd:78)
       [1] start (res://scripts/run/area_run_session.gd:75)
       [2] _drive_route_combination_to_dealer (res://tests/gold_corridor_area_run_test.gd:390)
       [3] _test_restart_replays_from_seed (res://tests/gold_corridor_area_run_test.gd:298)
       [4] run (res://tests/gold_corridor_area_run_test.gd:9)
       [5] _run_all (res://tests/run_all.gd:27)
SCRIPT ERROR: Invalid call. Nonexistent function 'new' in base 'GDScript'.
   at: AreaDefinition.validate (res://scripts/areas/area_definition.gd:60)
   GDScript backtrace (most recent call first):
       [0] validate (res://scripts/areas/area_definition.gd:60)
       [1] start (res://scripts/run/area_run_session.gd:79)
       [2] _drive_route_combination_to_dealer (res://tests/gold_corridor_area_run_test.gd:390)
       [3] _test_restart_replays_from_seed (res://tests/gold_corridor_area_run_test.gd:298)
       [4] run (res://tests/gold_corridor_area_run_test.gd:9)
       [5] _run_all (res://tests/run_all.gd:27)
SCRIPT ERROR: Invalid call. Nonexistent function 'new' in base 'GDScript'.
   at: CardCatalog.validate (res://scripts/cards/card_catalog.gd:112)
   GDScript backtrace (most recent call first):
       [0] validate (res://scripts/cards/card_catalog.gd:112)
       [1] start (res://scripts/run/three_round_encounter_session.gd:54)
       [2] _create_normal_room (res://scripts/run/area_run_session.gd:442)
       [3] select_route (res://scripts/run/area_run_session.gd:157)
       [4] _drive_route_combination_to_dealer (res://tests/gold_corridor_area_run_test.gd:393)
       [5] _test_restart_replays_from_seed (res://tests/gold_corridor_area_run_test.gd:298)
       [6] run (res://tests/gold_corridor_area_run_test.gd:9)
       [7] _run_all (res://tests/run_all.gd:27)
SCRIPT ERROR: Invalid call. Nonexistent function 'new' in base 'GDScript'.
   at: ThreeRoundEncounterSession._validate_setup (res://scripts/run/three_round_encounter_session.gd:294)
   GDScript backtrace (most recent call first):
       [0] _validate_setup (res://scripts/run/three_round_encounter_session.gd:294)
       [1] start (res://scripts/run/three_round_encounter_session.gd:57)
       [2] _create_normal_room (res://scripts/run/area_run_session.gd:442)
       [3] select_route (res://scripts/run/area_run_session.gd:157)
       [4] _drive_route_combination_to_dealer (res://tests/gold_corridor_area_run_test.gd:393)
       [5] _test_restart_replays_from_seed (res://tests/gold_corridor_area_run_test.gd:298)
       [6] run (res://tests/gold_corridor_area_run_test.gd:9)
       [7] _run_all (res://tests/run_all.gd:27)
SCRIPT ERROR: Invalid call. Nonexistent function 'new' in base 'GDScript'.
   at: CardCatalog.validate (res://scripts/cards/card_catalog.gd:112)
   GDScript backtrace (most recent call first):
       [0] validate (res://scripts/cards/card_catalog.gd:112)
       [1] start (res://scripts/run/three_round_encounter_session.gd:54)
       [2] _create_normal_room (res://scripts/run/area_run_session.gd:442)
       [3] select_route (res://scripts/run/area_run_session.gd:157)
       [4] _drive_route_combination_to_dealer (res://tests/gold_corridor_area_run_test.gd:393)
       [5] _test_restart_replays_from_seed (res://tests/gold_corridor_area_run_test.gd:298)
       [6] run (res://tests/gold_corridor_area_run_test.gd:9)
       [7] _run_all (res://tests/run_all.gd:27)
SCRIPT ERROR: Invalid call. Nonexistent function 'new' in base 'GDScript'.
   at: ThreeRoundEncounterSession._validate_setup (res://scripts/run/three_round_encounter_session.gd:294)
   GDScript backtrace (most recent call first):
       [0] _validate_setup (res://scripts/run/three_round_encounter_session.gd:294)
       [1] start (res://scripts/run/three_round_encounter_session.gd:57)
       [2] _create_normal_room (res://scripts/run/area_run_session.gd:442)
       [3] select_route (res://scripts/run/area_run_session.gd:157)
       [4] _drive_route_combination_to_dealer (res://tests/gold_corridor_area_run_test.gd:393)
       [5] _test_restart_replays_from_seed (res://tests/gold_corridor_area_run_test.gd:298)
       [6] run (res://tests/gold_corridor_area_run_test.gd:9)
       [7] _run_all (res://tests/run_all.gd:27)
SCRIPT ERROR: Invalid call. Nonexistent function 'new' in base 'GDScript'.
   at: CardCatalog.validate (res://scripts/cards/card_catalog.gd:112)
   GDScript backtrace (most recent call first):
       [0] validate (res://scripts/cards/card_catalog.gd:112)
       [1] start (res://scripts/run/three_round_encounter_session.gd:54)
       [2] _create_dealer (res://scripts/run/area_run_session.gd:478)
       [3] leave_shop (res://scripts/run/area_run_session.gd:312)
       [4] _drive_route_combination_to_dealer (res://tests/gold_corridor_area_run_test.gd:404)
       [5] _test_restart_replays_from_seed (res://tests/gold_corridor_area_run_test.gd:298)
       [6] run (res://tests/gold_corridor_area_run_test.gd:9)
       [7] _run_all (res://tests/run_all.gd:27)
SCRIPT ERROR: Invalid call. Nonexistent function 'new' in base 'GDScript'.
   at: ThreeRoundEncounterSession._validate_setup (res://scripts/run/three_round_encounter_session.gd:294)
   GDScript backtrace (most recent call first):
       [0] _validate_setup (res://scripts/run/three_round_encounter_session.gd:294)
       [1] start (res://scripts/run/three_round_encounter_session.gd:57)
       [2] _create_dealer (res://scripts/run/area_run_session.gd:478)
       [3] leave_shop (res://scripts/run/area_run_session.gd:312)
       [4] _drive_route_combination_to_dealer (res://tests/gold_corridor_area_run_test.gd:404)
       [5] _test_restart_replays_from_seed (res://tests/gold_corridor_area_run_test.gd:298)
       [6] run (res://tests/gold_corridor_area_run_test.gd:9)
       [7] _run_all (res://tests/run_all.gd:27)
SCRIPT ERROR: Invalid call. Nonexistent function 'new' in base 'GDScript'.
   at: CardCatalog.validate (res://scripts/cards/card_catalog.gd:112)
   GDScript backtrace (most recent call first):
       [0] validate (res://scripts/cards/card_catalog.gd:112)
       [1] start (res://scripts/run/area_run_session.gd:73)
       [2] restart (res://scripts/run/area_run_session.gd:420)
       [3] _test_restart_replays_from_seed (res://tests/gold_corridor_area_run_test.gd:313)
       [4] run (res://tests/gold_corridor_area_run_test.gd:9)
       [5] _run_all (res://tests/run_all.gd:27)
SCRIPT ERROR: Invalid call. Nonexistent function 'new' in base 'GDScript'.
   at: DealerCatalog.validate (res://scripts/dealers/dealer_catalog.gd:57)
   GDScript backtrace (most recent call first):
       [0] validate (res://scripts/dealers/dealer_catalog.gd:57)
       [1] start (res://scripts/run/area_run_session.gd:74)
       [2] restart (res://scripts/run/area_run_session.gd:420)
       [3] _test_restart_replays_from_seed (res://tests/gold_corridor_area_run_test.gd:313)
       [4] run (res://tests/gold_corridor_area_run_test.gd:9)
       [5] _run_all (res://tests/run_all.gd:27)
SCRIPT ERROR: Invalid call. Nonexistent function 'new' in base 'GDScript'.
   at: EngravingCatalog.validate (res://scripts/engravings/engraving_catalog.gd:78)
   GDScript backtrace (most recent call first):
       [0] validate (res://scripts/engravings/engraving_catalog.gd:78)
       [1] start (res://scripts/run/area_run_session.gd:75)
       [2] restart (res://scripts/run/area_run_session.gd:420)
       [3] _test_restart_replays_from_seed (res://tests/gold_corridor_area_run_test.gd:313)
       [4] run (res://tests/gold_corridor_area_run_test.gd:9)
       [5] _run_all (res://tests/run_all.gd:27)
SCRIPT ERROR: Invalid call. Nonexistent function 'new' in base 'GDScript'.
   at: AreaDefinition.validate (res://scripts/areas/area_definition.gd:60)
   GDScript backtrace (most recent call first):
       [0] validate (res://scripts/areas/area_definition.gd:60)
       [1] start (res://scripts/run/area_run_session.gd:79)
       [2] restart (res://scripts/run/area_run_session.gd:420)
       [3] _test_restart_replays_from_seed (res://tests/gold_corridor_area_run_test.gd:313)
       [4] run (res://tests/gold_corridor_area_run_test.gd:9)
       [5] _run_all (res://tests/run_all.gd:27)
SCRIPT ERROR: Invalid call. Nonexistent function 'new' in base 'GDScript'.
   at: CardCatalog.validate (res://scripts/cards/card_catalog.gd:112)
   GDScript backtrace (most recent call first):
       [0] validate (res://scripts/cards/card_catalog.gd:112)
       [1] start (res://scripts/run/area_run_session.gd:73)
       [2] _test_restart_replays_from_seed (res://tests/gold_corridor_area_run_test.gd:316)
       [3] run (res://tests/gold_corridor_area_run_test.gd:9)
       [4] _run_all (res://tests/run_all.gd:27)
SCRIPT ERROR: Invalid call. Nonexistent function 'new' in base 'GDScript'.
   at: DealerCatalog.validate (res://scripts/dealers/dealer_catalog.gd:57)
   GDScript backtrace (most recent call first):
       [0] validate (res://scripts/dealers/dealer_catalog.gd:57)
       [1] start (res://scripts/run/area_run_session.gd:74)
       [2] _test_restart_replays_from_seed (res://tests/gold_corridor_area_run_test.gd:316)
       [3] run (res://tests/gold_corridor_area_run_test.gd:9)
       [4] _run_all (res://tests/run_all.gd:27)
SCRIPT ERROR: Invalid call. Nonexistent function 'new' in base 'GDScript'.
   at: EngravingCatalog.validate (res://scripts/engravings/engraving_catalog.gd:78)
   GDScript backtrace (most recent call first):
       [0] validate (res://scripts/engravings/engraving_catalog.gd:78)
       [1] start (res://scripts/run/area_run_session.gd:75)
       [2] _test_restart_replays_from_seed (res://tests/gold_corridor_area_run_test.gd:316)
       [3] run (res://tests/gold_corridor_area_run_test.gd:9)
       [4] _run_all (res://tests/run_all.gd:27)
SCRIPT ERROR: Invalid call. Nonexistent function 'new' in base 'GDScript'.
   at: AreaDefinition.validate (res://scripts/areas/area_definition.gd:60)
   GDScript backtrace (most recent call first):
       [0] validate (res://scripts/areas/area_definition.gd:60)
       [1] start (res://scripts/run/area_run_session.gd:79)
       [2] _test_restart_replays_from_seed (res://tests/gold_corridor_area_run_test.gd:316)
       [3] run (res://tests/gold_corridor_area_run_test.gd:9)
       [4] _run_all (res://tests/run_all.gd:27)
SCRIPT ERROR: Invalid call. Nonexistent function 'new' in base 'GDScript'.
   at: CardCatalog.validate (res://scripts/cards/card_catalog.gd:112)
   GDScript backtrace (most recent call first):
       [0] validate (res://scripts/cards/card_catalog.gd:112)
       [1] start (res://scripts/run/three_round_encounter_session.gd:54)
       [2] _create_normal_room (res://scripts/run/area_run_session.gd:442)
       [3] select_route (res://scripts/run/area_run_session.gd:157)
       [4] _test_restart_replays_from_seed (res://tests/gold_corridor_area_run_test.gd:319)
       [5] run (res://tests/gold_corridor_area_run_test.gd:9)
       [6] _run_all (res://tests/run_all.gd:27)
SCRIPT ERROR: Invalid call. Nonexistent function 'new' in base 'GDScript'.
   at: ThreeRoundEncounterSession._validate_setup (res://scripts/run/three_round_encounter_session.gd:294)
   GDScript backtrace (most recent call first):
       [0] _validate_setup (res://scripts/run/three_round_encounter_session.gd:294)
       [1] start (res://scripts/run/three_round_encounter_session.gd:57)
       [2] _create_normal_room (res://scripts/run/area_run_session.gd:442)
       [3] select_route (res://scripts/run/area_run_session.gd:157)
       [4] _test_restart_replays_from_seed (res://tests/gold_corridor_area_run_test.gd:319)
       [5] run (res://tests/gold_corridor_area_run_test.gd:9)
       [6] _run_all (res://tests/run_all.gd:27)
SCRIPT ERROR: Invalid call. Nonexistent function 'new' in base 'GDScript'.
   at: CardCatalog.validate (res://scripts/cards/card_catalog.gd:112)
   GDScript backtrace (most recent call first):
       [0] validate (res://scripts/cards/card_catalog.gd:112)
       [1] start (res://scripts/run/three_round_encounter_session.gd:54)
       [2] _create_normal_room (res://scripts/run/area_run_session.gd:442)
       [3] select_route (res://scripts/run/area_run_session.gd:157)
       [4] _test_restart_replays_from_seed (res://tests/gold_corridor_area_run_test.gd:320)
       [5] run (res://tests/gold_corridor_area_run_test.gd:9)
       [6] _run_all (res://tests/run_all.gd:27)
SCRIPT ERROR: Invalid call. Nonexistent function 'new' in base 'GDScript'.
   at: ThreeRoundEncounterSession._validate_setup (res://scripts/run/three_round_encounter_session.gd:294)
   GDScript backtrace (most recent call first):
       [0] _validate_setup (res://scripts/run/three_round_encounter_session.gd:294)
       [1] start (res://scripts/run/three_round_encounter_session.gd:57)
       [2] _create_normal_room (res://scripts/run/area_run_session.gd:442)
       [3] select_route (res://scripts/run/area_run_session.gd:157)
       [4] _test_restart_replays_from_seed (res://tests/gold_corridor_area_run_test.gd:320)
       [5] run (res://tests/gold_corridor_area_run_test.gd:9)
       [6] _run_all (res://tests/run_all.gd:27)
SCRIPT ERROR: Invalid call. Nonexistent function 'new' in base 'GDScript'.
   at: CardCatalog.validate (res://scripts/cards/card_catalog.gd:112)
   GDScript backtrace (most recent call first):
       [0] validate (res://scripts/cards/card_catalog.gd:112)
       [1] start (res://scripts/run/area_run_session.gd:73)
       [2] _drive_route_combination_to_dealer (res://tests/gold_corridor_area_run_test.gd:390)
       [3] _complete_fixed_run (res://tests/gold_corridor_area_run_test.gd:356)
       [4] _test_same_seed_replays_full_completion (res://tests/gold_corridor_area_run_test.gd:337)
       [5] run (res://tests/gold_corridor_area_run_test.gd:10)
       [6] _run_all (res://tests/run_all.gd:27)
SCRIPT ERROR: Invalid call. Nonexistent function 'new' in base 'GDScript'.
   at: DealerCatalog.validate (res://scripts/dealers/dealer_catalog.gd:57)
   GDScript backtrace (most recent call first):
       [0] validate (res://scripts/dealers/dealer_catalog.gd:57)
       [1] start (res://scripts/run/area_run_session.gd:74)
       [2] _drive_route_combination_to_dealer (res://tests/gold_corridor_area_run_test.gd:390)
       [3] _complete_fixed_run (res://tests/gold_corridor_area_run_test.gd:356)
       [4] _test_same_seed_replays_full_completion (res://tests/gold_corridor_area_run_test.gd:337)
       [5] run (res://tests/gold_corridor_area_run_test.gd:10)
       [6] _run_all (res://tests/run_all.gd:27)
SCRIPT ERROR: Invalid call. Nonexistent function 'new' in base 'GDScript'.
   at: EngravingCatalog.validate (res://scripts/engravings/engraving_catalog.gd:78)
   GDScript backtrace (most recent call first):
       [0] validate (res://scripts/engravings/engraving_catalog.gd:78)
       [1] start (res://scripts/run/area_run_session.gd:75)
       [2] _drive_route_combination_to_dealer (res://tests/gold_corridor_area_run_test.gd:390)
       [3] _complete_fixed_run (res://tests/gold_corridor_area_run_test.gd:356)
       [4] _test_same_seed_replays_full_completion (res://tests/gold_corridor_area_run_test.gd:337)
       [5] run (res://tests/gold_corridor_area_run_test.gd:10)
       [6] _run_all (res://tests/run_all.gd:27)
SCRIPT ERROR: Invalid call. Nonexistent function 'new' in base 'GDScript'.
   at: AreaDefinition.validate (res://scripts/areas/area_definition.gd:60)
   GDScript backtrace (most recent call first):
       [0] validate (res://scripts/areas/area_definition.gd:60)
       [1] start (res://scripts/run/area_run_session.gd:79)
       [2] _drive_route_combination_to_dealer (res://tests/gold_corridor_area_run_test.gd:390)
       [3] _complete_fixed_run (res://tests/gold_corridor_area_run_test.gd:356)
       [4] _test_same_seed_replays_full_completion (res://tests/gold_corridor_area_run_test.gd:337)
       [5] run (res://tests/gold_corridor_area_run_test.gd:10)
       [6] _run_all (res://tests/run_all.gd:27)
SCRIPT ERROR: Invalid call. Nonexistent function 'new' in base 'GDScript'.
   at: CardCatalog.validate (res://scripts/cards/card_catalog.gd:112)
   GDScript backtrace (most recent call first):
       [0] validate (res://scripts/cards/card_catalog.gd:112)
       [1] start (res://scripts/run/three_round_encounter_session.gd:54)
       [2] _create_normal_room (res://scripts/run/area_run_session.gd:442)
       [3] select_route (res://scripts/run/area_run_session.gd:157)
       [4] _drive_route_combination_to_dealer (res://tests/gold_corridor_area_run_test.gd:393)
       [5] _complete_fixed_run (res://tests/gold_corridor_area_run_test.gd:356)
       [6] _test_same_seed_replays_full_completion (res://tests/gold_corridor_area_run_test.gd:337)
       [7] run (res://tests/gold_corridor_area_run_test.gd:10)
       [8] _run_all (res://tests/run_all.gd:27)
SCRIPT ERROR: Invalid call. Nonexistent function 'new' in base 'GDScript'.
   at: ThreeRoundEncounterSession._validate_setup (res://scripts/run/three_round_encounter_session.gd:294)
   GDScript backtrace (most recent call first):
       [0] _validate_setup (res://scripts/run/three_round_encounter_session.gd:294)
       [1] start (res://scripts/run/three_round_encounter_session.gd:57)
       [2] _create_normal_room (res://scripts/run/area_run_session.gd:442)
       [3] select_route (res://scripts/run/area_run_session.gd:157)
       [4] _drive_route_combination_to_dealer (res://tests/gold_corridor_area_run_test.gd:393)
       [5] _complete_fixed_run (res://tests/gold_corridor_area_run_test.gd:356)
       [6] _test_same_seed_replays_full_completion (res://tests/gold_corridor_area_run_test.gd:337)
       [7] run (res://tests/gold_corridor_area_run_test.gd:10)
       [8] _run_all (res://tests/run_all.gd:27)
SCRIPT ERROR: Invalid call. Nonexistent function 'new' in base 'GDScript'.
   at: CardCatalog.validate (res://scripts/cards/card_catalog.gd:112)
   GDScript backtrace (most recent call first):
       [0] validate (res://scripts/cards/card_catalog.gd:112)
       [1] start (res://scripts/run/three_round_encounter_session.gd:54)
       [2] _create_normal_room (res://scripts/run/area_run_session.gd:442)
       [3] select_route (res://scripts/run/area_run_session.gd:157)
       [4] _drive_route_combination_to_dealer (res://tests/gold_corridor_area_run_test.gd:393)
       [5] _complete_fixed_run (res://tests/gold_corridor_area_run_test.gd:356)
       [6] _test_same_seed_replays_full_completion (res://tests/gold_corridor_area_run_test.gd:337)
       [7] run (res://tests/gold_corridor_area_run_test.gd:10)
       [8] _run_all (res://tests/run_all.gd:27)
SCRIPT ERROR: Invalid call. Nonexistent function 'new' in base 'GDScript'.
   at: ThreeRoundEncounterSession._validate_setup (res://scripts/run/three_round_encounter_session.gd:294)
   GDScript backtrace (most recent call first):
       [0] _validate_setup (res://scripts/run/three_round_encounter_session.gd:294)
       [1] start (res://scripts/run/three_round_encounter_session.gd:57)
       [2] _create_normal_room (res://scripts/run/area_run_session.gd:442)
       [3] select_route (res://scripts/run/area_run_session.gd:157)
       [4] _drive_route_combination_to_dealer (res://tests/gold_corridor_area_run_test.gd:393)
       [5] _complete_fixed_run (res://tests/gold_corridor_area_run_test.gd:356)
       [6] _test_same_seed_replays_full_completion (res://tests/gold_corridor_area_run_test.gd:337)
       [7] run (res://tests/gold_corridor_area_run_test.gd:10)
       [8] _run_all (res://tests/run_all.gd:27)
SCRIPT ERROR: Invalid call. Nonexistent function 'new' in base 'GDScript'.
   at: CardCatalog.validate (res://scripts/cards/card_catalog.gd:112)
   GDScript backtrace (most recent call first):
       [0] validate (res://scripts/cards/card_catalog.gd:112)
       [1] start (res://scripts/run/three_round_encounter_session.gd:54)
       [2] _create_dealer (res://scripts/run/area_run_session.gd:478)
       [3] leave_shop (res://scripts/run/area_run_session.gd:312)
       [4] _drive_route_combination_to_dealer (res://tests/gold_corridor_area_run_test.gd:404)
       [5] _complete_fixed_run (res://tests/gold_corridor_area_run_test.gd:356)
       [6] _test_same_seed_replays_full_completion (res://tests/gold_corridor_area_run_test.gd:337)
       [7] run (res://tests/gold_corridor_area_run_test.gd:10)
       [8] _run_all (res://tests/run_all.gd:27)
SCRIPT ERROR: Invalid call. Nonexistent function 'new' in base 'GDScript'.
   at: ThreeRoundEncounterSession._validate_setup (res://scripts/run/three_round_encounter_session.gd:294)
   GDScript backtrace (most recent call first):
       [0] _validate_setup (res://scripts/run/three_round_encounter_session.gd:294)
       [1] start (res://scripts/run/three_round_encounter_session.gd:57)
       [2] _create_dealer (res://scripts/run/area_run_session.gd:478)
       [3] leave_shop (res://scripts/run/area_run_session.gd:312)
       [4] _drive_route_combination_to_dealer (res://tests/gold_corridor_area_run_test.gd:404)
       [5] _complete_fixed_run (res://tests/gold_corridor_area_run_test.gd:356)
       [6] _test_same_seed_replays_full_completion (res://tests/gold_corridor_area_run_test.gd:337)
       [7] run (res://tests/gold_corridor_area_run_test.gd:10)
       [8] _run_all (res://tests/run_all.gd:27)
SCRIPT ERROR: Invalid call. Nonexistent function 'new' in base 'GDScript'.
   at: CardCatalog.validate (res://scripts/cards/card_catalog.gd:112)
   GDScript backtrace (most recent call first):
       [0] validate (res://scripts/cards/card_catalog.gd:112)
       [1] start (res://scripts/run/area_run_session.gd:73)
       [2] _drive_route_combination_to_dealer (res://tests/gold_corridor_area_run_test.gd:390)
       [3] _complete_fixed_run (res://tests/gold_corridor_area_run_test.gd:356)
       [4] _test_same_seed_replays_full_completion (res://tests/gold_corridor_area_run_test.gd:338)
       [5] run (res://tests/gold_corridor_area_run_test.gd:10)
       [6] _run_all (res://tests/run_all.gd:27)
SCRIPT ERROR: Invalid call. Nonexistent function 'new' in base 'GDScript'.
   at: DealerCatalog.validate (res://scripts/dealers/dealer_catalog.gd:57)
   GDScript backtrace (most recent call first):
       [0] validate (res://scripts/dealers/dealer_catalog.gd:57)
       [1] start (res://scripts/run/area_run_session.gd:74)
       [2] _drive_route_combination_to_dealer (res://tests/gold_corridor_area_run_test.gd:390)
       [3] _complete_fixed_run (res://tests/gold_corridor_area_run_test.gd:356)
       [4] _test_same_seed_replays_full_completion (res://tests/gold_corridor_area_run_test.gd:338)
       [5] run (res://tests/gold_corridor_area_run_test.gd:10)
       [6] _run_all (res://tests/run_all.gd:27)
SCRIPT ERROR: Invalid call. Nonexistent function 'new' in base 'GDScript'.
   at: EngravingCatalog.validate (res://scripts/engravings/engraving_catalog.gd:78)
   GDScript backtrace (most recent call first):
       [0] validate (res://scripts/engravings/engraving_catalog.gd:78)
       [1] start (res://scripts/run/area_run_session.gd:75)
       [2] _drive_route_combination_to_dealer (res://tests/gold_corridor_area_run_test.gd:390)
       [3] _complete_fixed_run (res://tests/gold_corridor_area_run_test.gd:356)
       [4] _test_same_seed_replays_full_completion (res://tests/gold_corridor_area_run_test.gd:338)
       [5] run (res://tests/gold_corridor_area_run_test.gd:10)
       [6] _run_all (res://tests/run_all.gd:27)
SCRIPT ERROR: Invalid call. Nonexistent function 'new' in base 'GDScript'.
   at: AreaDefinition.validate (res://scripts/areas/area_definition.gd:60)
   GDScript backtrace (most recent call first):
       [0] validate (res://scripts/areas/area_definition.gd:60)
       [1] start (res://scripts/run/area_run_session.gd:79)
       [2] _drive_route_combination_to_dealer (res://tests/gold_corridor_area_run_test.gd:390)
       [3] _complete_fixed_run (res://tests/gold_corridor_area_run_test.gd:356)
       [4] _test_same_seed_replays_full_completion (res://tests/gold_corridor_area_run_test.gd:338)
       [5] run (res://tests/gold_corridor_area_run_test.gd:10)
       [6] _run_all (res://tests/run_all.gd:27)
SCRIPT ERROR: Invalid call. Nonexistent function 'new' in base 'GDScript'.
   at: CardCatalog.validate (res://scripts/cards/card_catalog.gd:112)
   GDScript backtrace (most recent call first):
       [0] validate (res://scripts/cards/card_catalog.gd:112)
       [1] start (res://scripts/run/three_round_encounter_session.gd:54)
       [2] _create_normal_room (res://scripts/run/area_run_session.gd:442)
       [3] select_route (res://scripts/run/area_run_session.gd:157)
       [4] _drive_route_combination_to_dealer (res://tests/gold_corridor_area_run_test.gd:393)
       [5] _complete_fixed_run (res://tests/gold_corridor_area_run_test.gd:356)
       [6] _test_same_seed_replays_full_completion (res://tests/gold_corridor_area_run_test.gd:338)
       [7] run (res://tests/gold_corridor_area_run_test.gd:10)
       [8] _run_all (res://tests/run_all.gd:27)
SCRIPT ERROR: Invalid call. Nonexistent function 'new' in base 'GDScript'.
   at: ThreeRoundEncounterSession._validate_setup (res://scripts/run/three_round_encounter_session.gd:294)
   GDScript backtrace (most recent call first):
       [0] _validate_setup (res://scripts/run/three_round_encounter_session.gd:294)
       [1] start (res://scripts/run/three_round_encounter_session.gd:57)
       [2] _create_normal_room (res://scripts/run/area_run_session.gd:442)
       [3] select_route (res://scripts/run/area_run_session.gd:157)
       [4] _drive_route_combination_to_dealer (res://tests/gold_corridor_area_run_test.gd:393)
       [5] _complete_fixed_run (res://tests/gold_corridor_area_run_test.gd:356)
       [6] _test_same_seed_replays_full_completion (res://tests/gold_corridor_area_run_test.gd:338)
       [7] run (res://tests/gold_corridor_area_run_test.gd:10)
       [8] _run_all (res://tests/run_all.gd:27)
SCRIPT ERROR: Invalid call. Nonexistent function 'new' in base 'GDScript'.
   at: CardCatalog.validate (res://scripts/cards/card_catalog.gd:112)
   GDScript backtrace (most recent call first):
       [0] validate (res://scripts/cards/card_catalog.gd:112)
       [1] start (res://scripts/run/three_round_encounter_session.gd:54)
       [2] _create_normal_room (res://scripts/run/area_run_session.gd:442)
       [3] select_route (res://scripts/run/area_run_session.gd:157)
       [4] _drive_route_combination_to_dealer (res://tests/gold_corridor_area_run_test.gd:393)
       [5] _complete_fixed_run (res://tests/gold_corridor_area_run_test.gd:356)
       [6] _test_same_seed_replays_full_completion (res://tests/gold_corridor_area_run_test.gd:338)
       [7] run (res://tests/gold_corridor_area_run_test.gd:10)
       [8] _run_all (res://tests/run_all.gd:27)
SCRIPT ERROR: Invalid call. Nonexistent function 'new' in base 'GDScript'.
   at: ThreeRoundEncounterSession._validate_setup (res://scripts/run/three_round_encounter_session.gd:294)
   GDScript backtrace (most recent call first):
       [0] _validate_setup (res://scripts/run/three_round_encounter_session.gd:294)
       [1] start (res://scripts/run/three_round_encounter_session.gd:57)
       [2] _create_normal_room (res://scripts/run/area_run_session.gd:442)
       [3] select_route (res://scripts/run/area_run_session.gd:157)
       [4] _drive_route_combination_to_dealer (res://tests/gold_corridor_area_run_test.gd:393)
       [5] _complete_fixed_run (res://tests/gold_corridor_area_run_test.gd:356)
       [6] _test_same_seed_replays_full_completion (res://tests/gold_corridor_area_run_test.gd:338)
       [7] run (res://tests/gold_corridor_area_run_test.gd:10)
       [8] _run_all (res://tests/run_all.gd:27)
SCRIPT ERROR: Invalid call. Nonexistent function 'new' in base 'GDScript'.
   at: CardCatalog.validate (res://scripts/cards/card_catalog.gd:112)
   GDScript backtrace (most recent call first):
       [0] validate (res://scripts/cards/card_catalog.gd:112)
       [1] start (res://scripts/run/three_round_encounter_session.gd:54)
       [2] _create_dealer (res://scripts/run/area_run_session.gd:478)
       [3] leave_shop (res://scripts/run/area_run_session.gd:312)
       [4] _drive_route_combination_to_dealer (res://tests/gold_corridor_area_run_test.gd:404)
       [5] _complete_fixed_run (res://tests/gold_corridor_area_run_test.gd:356)
       [6] _test_same_seed_replays_full_completion (res://tests/gold_corridor_area_run_test.gd:338)
       [7] run (res://tests/gold_corridor_area_run_test.gd:10)
       [8] _run_all (res://tests/run_all.gd:27)
SCRIPT ERROR: Invalid call. Nonexistent function 'new' in base 'GDScript'.
   at: ThreeRoundEncounterSession._validate_setup (res://scripts/run/three_round_encounter_session.gd:294)
   GDScript backtrace (most recent call first):
       [0] _validate_setup (res://scripts/run/three_round_encounter_session.gd:294)
       [1] start (res://scripts/run/three_round_encounter_session.gd:57)
       [2] _create_dealer (res://scripts/run/area_run_session.gd:478)
       [3] leave_shop (res://scripts/run/area_run_session.gd:312)
       [4] _drive_route_combination_to_dealer (res://tests/gold_corridor_area_run_test.gd:404)
       [5] _complete_fixed_run (res://tests/gold_corridor_area_run_test.gd:356)
       [6] _test_same_seed_replays_full_completion (res://tests/gold_corridor_area_run_test.gd:338)
       [7] run (res://tests/gold_corridor_area_run_test.gd:10)
       [8] _run_all (res://tests/run_all.gd:27)
ERROR: gold_corridor_area_run_test.gd: next round should begin
   at: push_error (core/variant/variant_utility.cpp:1024)
   GDScript backtrace (most recent call first):
       [0] _run_all (res://tests/run_all.gd:32)
ERROR: gold_corridor_area_run_test.gd: formal report should be accepted
   at: push_error (core/variant/variant_utility.cpp:1024)
   GDScript backtrace (most recent call first):
       [0] _run_all (res://tests/run_all.gd:32)
ERROR: gold_corridor_area_run_test.gd: next round should begin
   at: push_error (core/variant/variant_utility.cpp:1024)
   GDScript backtrace (most recent call first):
       [0] _run_all (res://tests/run_all.gd:32)
ERROR: gold_corridor_area_run_test.gd: formal report should be accepted
   at: push_error (core/variant/variant_utility.cpp:1024)
   GDScript backtrace (most recent call first):
       [0] _run_all (res://tests/run_all.gd:32)
ERROR: gold_corridor_area_run_test.gd: next round should begin
   at: push_error (core/variant/variant_utility.cpp:1024)
   GDScript backtrace (most recent call first):
       [0] _run_all (res://tests/run_all.gd:32)
ERROR: gold_corridor_area_run_test.gd: formal report should be accepted
   at: push_error (core/variant/variant_utility.cpp:1024)
   GDScript backtrace (most recent call first):
       [0] _run_all (res://tests/run_all.gd:32)
ERROR: gold_corridor_area_run_test.gd: next round should begin
   at: push_error (core/variant/variant_utility.cpp:1024)
   GDScript backtrace (most recent call first):
       [0] _run_all (res://tests/run_all.gd:32)
ERROR: gold_corridor_area_run_test.gd: formal report should be accepted
   at: push_error (core/variant/variant_utility.cpp:1024)
   GDScript backtrace (most recent call first):
       [0] _run_all (res://tests/run_all.gd:32)
ERROR: gold_corridor_area_run_test.gd: next round should begin
   at: push_error (core/variant/variant_utility.cpp:1024)
   GDScript backtrace (most recent call first):
       [0] _run_all (res://tests/run_all.gd:32)
ERROR: gold_corridor_area_run_test.gd: formal report should be accepted
   at: push_error (core/variant/variant_utility.cpp:1024)
   GDScript backtrace (most recent call first):
       [0] _run_all (res://tests/run_all.gd:32)
ERROR: gold_corridor_area_run_test.gd: next round should begin
   at: push_error (core/variant/variant_utility.cpp:1024)
   GDScript backtrace (most recent call first):
       [0] _run_all (res://tests/run_all.gd:32)
ERROR: gold_corridor_area_run_test.gd: formal report should be accepted
   at: push_error (core/variant/variant_utility.cpp:1024)
   GDScript backtrace (most recent call first):
       [0] _run_all (res://tests/run_all.gd:32)
ERROR: gold_corridor_area_run_test.gd: next round should begin
   at: push_error (core/variant/variant_utility.cpp:1024)
   GDScript backtrace (most recent call first):
       [0] _run_all (res://tests/run_all.gd:32)
ERROR: gold_corridor_area_run_test.gd: formal report should be accepted
   at: push_error (core/variant/variant_utility.cpp:1024)
   GDScript backtrace (most recent call first):
       [0] _run_all (res://tests/run_all.gd:32)
ERROR: gold_corridor_area_run_test.gd: next round should begin
   at: push_error (core/variant/variant_utility.cpp:1024)
   GDScript backtrace (most recent call first):
       [0] _run_all (res://tests/run_all.gd:32)
ERROR: gold_corridor_area_run_test.gd: formal report should be accepted
   at: push_error (core/variant/variant_utility.cpp:1024)
   GDScript backtrace (most recent call first):
       [0] _run_all (res://tests/run_all.gd:32)
SCRIPT ERROR: Invalid call. Nonexistent function 'new' in base 'GDScript'.
   at: GoldCorridorCatalog.validate (res://scripts/rooms/gold_corridor_catalog.gd:24)
   GDScript backtrace (most recent call first):
       [0] validate (res://scripts/rooms/gold_corridor_catalog.gd:24)
       [1] run (res://tests/gold_corridor_catalog_test.gd:6)
       [2] _run_all (res://tests/run_all.gd:27)
PASS gold_corridor_catalog_test.gd
PASS gold_corridor_guide_flow_test.gd
ERROR: ConfigFile parse error at C:/Users/Administrator/AppData/Local/Temp/project-joker-gold-guide-corrupt-3089107.cfg:0: Unexpected EOF while parsing simple tag.
   at: _parse (core/io/config_file.cpp:292)
   GDScript backtrace (most recent call first):
       [0] _load_existing (res://scripts/ui/tutorial/gold_corridor_guide_progress_store.gd:59)
       [1] _init (res://scripts/ui/tutorial/gold_corridor_guide_progress_store.gd:21)
       [2] _test_corrupt_file_is_not_overwritten (res://tests/gold_corridor_guide_progress_store_test.gd:90)
       [3] run (res://tests/gold_corridor_guide_progress_store_test.gd:19)
       [4] _run_all (res://tests/run_all.gd:27)
PASS gold_corridor_guide_progress_store_test.gd
PASS gold_corridor_ui_contract_test.gd
PASS iron_abacus_guide_flow_test.gd
ERROR: ConfigFile parse error at C:/Users/Administrator/AppData/Local/Temp/project-joker-advanced-guide-corrupt-3678387.cfg:0: Unexpected EOF while parsing simple tag.
   at: _parse (core/io/config_file.cpp:292)
   GDScript backtrace (most recent call first):
       [0] _load_existing (res://scripts/ui/tutorial/iron_abacus_guide_progress_store.gd:62)
       [1] _init (res://scripts/ui/tutorial/iron_abacus_guide_progress_store.gd:22)
       [2] _test_corrupt_file_is_not_overwritten (res://tests/iron_abacus_guide_progress_store_test.gd:107)
       [3] run (res://tests/iron_abacus_guide_progress_store_test.gd:19)
       [4] _run_all (res://tests/run_all.gd:27)
PASS iron_abacus_guide_progress_store_test.gd
PASS iron_abacus_guide_ui_contract_test.gd
SCRIPT ERROR: Invalid call. Nonexistent function 'new' in base 'GDScript'.
   at: CardCatalog.validate (res://scripts/cards/card_catalog.gd:112)
   GDScript backtrace (most recent call first):
       [0] validate (res://scripts/cards/card_catalog.gd:112)
       [1] start (res://scripts/run/iron_abacus_slice_session.gd:57)
       [2] _test_complete_slice_and_restart (res://tests/iron_abacus_slice_session_test.gd:11)
       [3] run (res://tests/iron_abacus_slice_session_test.gd:4)
       [4] _run_all (res://tests/run_all.gd:27)
SCRIPT ERROR: Invalid call. Nonexistent function 'new' in base 'GDScript'.
   at: DealerCatalog.validate (res://scripts/dealers/dealer_catalog.gd:57)
   GDScript backtrace (most recent call first):
       [0] validate (res://scripts/dealers/dealer_catalog.gd:57)
       [1] start (res://scripts/run/iron_abacus_slice_session.gd:58)
       [2] _test_complete_slice_and_restart (res://tests/iron_abacus_slice_session_test.gd:11)
       [3] run (res://tests/iron_abacus_slice_session_test.gd:4)
       [4] _run_all (res://tests/run_all.gd:27)
SCRIPT ERROR: Invalid call. Nonexistent function 'new' in base 'GDScript'.
   at: EngravingCatalog.validate (res://scripts/engravings/engraving_catalog.gd:78)
   GDScript backtrace (most recent call first):
       [0] validate (res://scripts/engravings/engraving_catalog.gd:78)
       [1] start (res://scripts/run/iron_abacus_slice_session.gd:59)
       [2] _test_complete_slice_and_restart (res://tests/iron_abacus_slice_session_test.gd:11)
       [3] run (res://tests/iron_abacus_slice_session_test.gd:4)
       [4] _run_all (res://tests/run_all.gd:27)
SCRIPT ERROR: Invalid call. Nonexistent function 'new' in base 'GDScript'.
   at: CardCatalog.validate (res://scripts/cards/card_catalog.gd:112)
   GDScript backtrace (most recent call first):
       [0] validate (res://scripts/cards/card_catalog.gd:112)
       [1] start (res://scripts/run/three_round_encounter_session.gd:54)
       [2] start (res://scripts/run/iron_abacus_slice_session.gd:81)
       [3] _test_complete_slice_and_restart (res://tests/iron_abacus_slice_session_test.gd:11)
       [4] run (res://tests/iron_abacus_slice_session_test.gd:4)
       [5] _run_all (res://tests/run_all.gd:27)
SCRIPT ERROR: Invalid call. Nonexistent function 'new' in base 'GDScript'.
   at: ThreeRoundEncounterSession._validate_setup (res://scripts/run/three_round_encounter_session.gd:294)
   GDScript backtrace (most recent call first):
       [0] _validate_setup (res://scripts/run/three_round_encounter_session.gd:294)
       [1] start (res://scripts/run/three_round_encounter_session.gd:57)
       [2] start (res://scripts/run/iron_abacus_slice_session.gd:81)
       [3] _test_complete_slice_and_restart (res://tests/iron_abacus_slice_session_test.gd:11)
       [4] run (res://tests/iron_abacus_slice_session_test.gd:4)
       [5] _run_all (res://tests/run_all.gd:27)
SCRIPT ERROR: Invalid call. Nonexistent function 'new' in base 'GDScript'.
   at: CardCatalog.validate (res://scripts/cards/card_catalog.gd:112)
   GDScript backtrace (most recent call first):
       [0] validate (res://scripts/cards/card_catalog.gd:112)
       [1] start (res://scripts/run/three_round_encounter_session.gd:54)
       [2] _create_dealer_encounter (res://scripts/run/iron_abacus_slice_session.gd:271)
       [3] start_dealer (res://scripts/run/iron_abacus_slice_session.gd:158)
       [4] _test_complete_slice_and_restart (res://tests/iron_abacus_slice_session_test.gd:28)
       [5] run (res://tests/iron_abacus_slice_session_test.gd:4)
       [6] _run_all (res://tests/run_all.gd:27)
SCRIPT ERROR: Invalid call. Nonexistent function 'new' in base 'GDScript'.
   at: ThreeRoundEncounterSession._validate_setup (res://scripts/run/three_round_encounter_session.gd:294)
   GDScript backtrace (most recent call first):
       [0] _validate_setup (res://scripts/run/three_round_encounter_session.gd:294)
       [1] start (res://scripts/run/three_round_encounter_session.gd:57)
       [2] _create_dealer_encounter (res://scripts/run/iron_abacus_slice_session.gd:271)
       [3] start_dealer (res://scripts/run/iron_abacus_slice_session.gd:158)
       [4] _test_complete_slice_and_restart (res://tests/iron_abacus_slice_session_test.gd:28)
       [5] run (res://tests/iron_abacus_slice_session_test.gd:4)
       [6] _run_all (res://tests/run_all.gd:27)
SCRIPT ERROR: Invalid call. Nonexistent function 'new' in base 'GDScript'.
   at: CardCatalog.validate (res://scripts/cards/card_catalog.gd:112)
   GDScript backtrace (most recent call first):
       [0] validate (res://scripts/cards/card_catalog.gd:112)
       [1] start (res://scripts/run/iron_abacus_slice_session.gd:57)
       [2] restart_slice (res://scripts/run/iron_abacus_slice_session.gd:251)
       [3] _test_complete_slice_and_restart (res://tests/iron_abacus_slice_session_test.gd:93)
       [4] run (res://tests/iron_abacus_slice_session_test.gd:4)
       [5] _run_all (res://tests/run_all.gd:27)
SCRIPT ERROR: Invalid call. Nonexistent function 'new' in base 'GDScript'.
   at: DealerCatalog.validate (res://scripts/dealers/dealer_catalog.gd:57)
   GDScript backtrace (most recent call first):
       [0] validate (res://scripts/dealers/dealer_catalog.gd:57)
       [1] start (res://scripts/run/iron_abacus_slice_session.gd:58)
       [2] restart_slice (res://scripts/run/iron_abacus_slice_session.gd:251)
       [3] _test_complete_slice_and_restart (res://tests/iron_abacus_slice_session_test.gd:93)
       [4] run (res://tests/iron_abacus_slice_session_test.gd:4)
       [5] _run_all (res://tests/run_all.gd:27)
SCRIPT ERROR: Invalid call. Nonexistent function 'new' in base 'GDScript'.
   at: EngravingCatalog.validate (res://scripts/engravings/engraving_catalog.gd:78)
   GDScript backtrace (most recent call first):
       [0] validate (res://scripts/engravings/engraving_catalog.gd:78)
       [1] start (res://scripts/run/iron_abacus_slice_session.gd:59)
       [2] restart_slice (res://scripts/run/iron_abacus_slice_session.gd:251)
       [3] _test_complete_slice_and_restart (res://tests/iron_abacus_slice_session_test.gd:93)
       [4] run (res://tests/iron_abacus_slice_session_test.gd:4)
       [5] _run_all (res://tests/run_all.gd:27)
SCRIPT ERROR: Invalid call. Nonexistent function 'new' in base 'GDScript'.
   at: CardCatalog.validate (res://scripts/cards/card_catalog.gd:112)
   GDScript backtrace (most recent call first):
       [0] validate (res://scripts/cards/card_catalog.gd:112)
       [1] start (res://scripts/run/three_round_encounter_session.gd:54)
       [2] start (res://scripts/run/iron_abacus_slice_session.gd:81)
       [3] restart_slice (res://scripts/run/iron_abacus_slice_session.gd:251)
       [4] _test_complete_slice_and_restart (res://tests/iron_abacus_slice_session_test.gd:93)
       [5] run (res://tests/iron_abacus_slice_session_test.gd:4)
       [6] _run_all (res://tests/run_all.gd:27)
SCRIPT ERROR: Invalid call. Nonexistent function 'new' in base 'GDScript'.
   at: ThreeRoundEncounterSession._validate_setup (res://scripts/run/three_round_encounter_session.gd:294)
   GDScript backtrace (most recent call first):
       [0] _validate_setup (res://scripts/run/three_round_encounter_session.gd:294)
       [1] start (res://scripts/run/three_round_encounter_session.gd:57)
       [2] start (res://scripts/run/iron_abacus_slice_session.gd:81)
       [3] restart_slice (res://scripts/run/iron_abacus_slice_session.gd:251)
       [4] _test_complete_slice_and_restart (res://tests/iron_abacus_slice_session_test.gd:93)
       [5] run (res://tests/iron_abacus_slice_session_test.gd:4)
       [6] _run_all (res://tests/run_all.gd:27)
SCRIPT ERROR: Invalid call. Nonexistent function 'new' in base 'GDScript'.
   at: CardCatalog.validate (res://scripts/cards/card_catalog.gd:112)
   GDScript backtrace (most recent call first):
       [0] validate (res://scripts/cards/card_catalog.gd:112)
       [1] start (res://scripts/run/iron_abacus_slice_session.gd:57)
       [2] _drive_to_verification (res://tests/iron_abacus_slice_session_test.gd:180)
       [3] _test_verification_retry_and_stale_reports (res://tests/iron_abacus_slice_session_test.gd:110)
       [4] run (res://tests/iron_abacus_slice_session_test.gd:5)
       [5] _run_all (res://tests/run_all.gd:27)
SCRIPT ERROR: Invalid call. Nonexistent function 'new' in base 'GDScript'.
   at: DealerCatalog.validate (res://scripts/dealers/dealer_catalog.gd:57)
   GDScript backtrace (most recent call first):
       [0] validate (res://scripts/dealers/dealer_catalog.gd:57)
       [1] start (res://scripts/run/iron_abacus_slice_session.gd:58)
       [2] _drive_to_verification (res://tests/iron_abacus_slice_session_test.gd:180)
       [3] _test_verification_retry_and_stale_reports (res://tests/iron_abacus_slice_session_test.gd:110)
       [4] run (res://tests/iron_abacus_slice_session_test.gd:5)
       [5] _run_all (res://tests/run_all.gd:27)
SCRIPT ERROR: Invalid call. Nonexistent function 'new' in base 'GDScript'.
   at: EngravingCatalog.validate (res://scripts/engravings/engraving_catalog.gd:78)
   GDScript backtrace (most recent call first):
       [0] validate (res://scripts/engravings/engraving_catalog.gd:78)
       [1] start (res://scripts/run/iron_abacus_slice_session.gd:59)
       [2] _drive_to_verification (res://tests/iron_abacus_slice_session_test.gd:180)
       [3] _test_verification_retry_and_stale_reports (res://tests/iron_abacus_slice_session_test.gd:110)
       [4] run (res://tests/iron_abacus_slice_session_test.gd:5)
       [5] _run_all (res://tests/run_all.gd:27)
SCRIPT ERROR: Invalid call. Nonexistent function 'new' in base 'GDScript'.
   at: CardCatalog.validate (res://scripts/cards/card_catalog.gd:112)
   GDScript backtrace (most recent call first):
       [0] validate (res://scripts/cards/card_catalog.gd:112)
       [1] start (res://scripts/run/three_round_encounter_session.gd:54)
       [2] start (res://scripts/run/iron_abacus_slice_session.gd:81)
       [3] _drive_to_verification (res://tests/iron_abacus_slice_session_test.gd:180)
       [4] _test_verification_retry_and_stale_reports (res://tests/iron_abacus_slice_session_test.gd:110)
       [5] run (res://tests/iron_abacus_slice_session_test.gd:5)
       [6] _run_all (res://tests/run_all.gd:27)
SCRIPT ERROR: Invalid call. Nonexistent function 'new' in base 'GDScript'.
   at: ThreeRoundEncounterSession._validate_setup (res://scripts/run/three_round_encounter_session.gd:294)
   GDScript backtrace (most recent call first):
       [0] _validate_setup (res://scripts/run/three_round_encounter_session.gd:294)
       [1] start (res://scripts/run/three_round_encounter_session.gd:57)
       [2] start (res://scripts/run/iron_abacus_slice_session.gd:81)
       [3] _drive_to_verification (res://tests/iron_abacus_slice_session_test.gd:180)
       [4] _test_verification_retry_and_stale_reports (res://tests/iron_abacus_slice_session_test.gd:110)
       [5] run (res://tests/iron_abacus_slice_session_test.gd:5)
       [6] _run_all (res://tests/run_all.gd:27)
SCRIPT ERROR: Invalid call. Nonexistent function 'new' in base 'GDScript'.
   at: CardCatalog.validate (res://scripts/cards/card_catalog.gd:112)
   GDScript backtrace (most recent call first):
       [0] validate (res://scripts/cards/card_catalog.gd:112)
       [1] start (res://scripts/run/three_round_encounter_session.gd:54)
       [2] _create_dealer_encounter (res://scripts/run/iron_abacus_slice_session.gd:271)
       [3] start_dealer (res://scripts/run/iron_abacus_slice_session.gd:158)
       [4] _drive_to_verification (res://tests/iron_abacus_slice_session_test.gd:184)
       [5] _test_verification_retry_and_stale_reports (res://tests/iron_abacus_slice_session_test.gd:110)
       [6] run (res://tests/iron_abacus_slice_session_test.gd:5)
       [7] _run_all (res://tests/run_all.gd:27)
SCRIPT ERROR: Invalid call. Nonexistent function 'new' in base 'GDScript'.
   at: ThreeRoundEncounterSession._validate_setup (res://scripts/run/three_round_encounter_session.gd:294)
   GDScript backtrace (most recent call first):
       [0] _validate_setup (res://scripts/run/three_round_encounter_session.gd:294)
       [1] start (res://scripts/run/three_round_encounter_session.gd:57)
       [2] _create_dealer_encounter (res://scripts/run/iron_abacus_slice_session.gd:271)
       [3] start_dealer (res://scripts/run/iron_abacus_slice_session.gd:158)
       [4] _drive_to_verification (res://tests/iron_abacus_slice_session_test.gd:184)
       [5] _test_verification_retry_and_stale_reports (res://tests/iron_abacus_slice_session_test.gd:110)
       [6] run (res://tests/iron_abacus_slice_session_test.gd:5)
       [7] _run_all (res://tests/run_all.gd:27)
SCRIPT ERROR: Invalid call. Nonexistent function 'new' in base 'GDScript'.
   at: CardCatalog.validate (res://scripts/cards/card_catalog.gd:112)
   GDScript backtrace (most recent call first):
       [0] validate (res://scripts/cards/card_catalog.gd:112)
       [1] start (res://scripts/run/iron_abacus_slice_session.gd:57)
       [2] _test_dealer_boundary_retry (res://tests/iron_abacus_slice_session_test.gd:133)
       [3] run (res://tests/iron_abacus_slice_session_test.gd:6)
       [4] _run_all (res://tests/run_all.gd:27)
SCRIPT ERROR: Invalid call. Nonexistent function 'new' in base 'GDScript'.
   at: DealerCatalog.validate (res://scripts/dealers/dealer_catalog.gd:57)
   GDScript backtrace (most recent call first):
       [0] validate (res://scripts/dealers/dealer_catalog.gd:57)
       [1] start (res://scripts/run/iron_abacus_slice_session.gd:58)
       [2] _test_dealer_boundary_retry (res://tests/iron_abacus_slice_session_test.gd:133)
       [3] run (res://tests/iron_abacus_slice_session_test.gd:6)
       [4] _run_all (res://tests/run_all.gd:27)
SCRIPT ERROR: Invalid call. Nonexistent function 'new' in base 'GDScript'.
   at: EngravingCatalog.validate (res://scripts/engravings/engraving_catalog.gd:78)
   GDScript backtrace (most recent call first):
       [0] validate (res://scripts/engravings/engraving_catalog.gd:78)
       [1] start (res://scripts/run/iron_abacus_slice_session.gd:59)
       [2] _test_dealer_boundary_retry (res://tests/iron_abacus_slice_session_test.gd:133)
       [3] run (res://tests/iron_abacus_slice_session_test.gd:6)
       [4] _run_all (res://tests/run_all.gd:27)
SCRIPT ERROR: Invalid call. Nonexistent function 'new' in base 'GDScript'.
   at: CardCatalog.validate (res://scripts/cards/card_catalog.gd:112)
   GDScript backtrace (most recent call first):
       [0] validate (res://scripts/cards/card_catalog.gd:112)
       [1] start (res://scripts/run/three_round_encounter_session.gd:54)
       [2] start (res://scripts/run/iron_abacus_slice_session.gd:81)
       [3] _test_dealer_boundary_retry (res://tests/iron_abacus_slice_session_test.gd:133)
       [4] run (res://tests/iron_abacus_slice_session_test.gd:6)
       [5] _run_all (res://tests/run_all.gd:27)
SCRIPT ERROR: Invalid call. Nonexistent function 'new' in base 'GDScript'.
   at: ThreeRoundEncounterSession._validate_setup (res://scripts/run/three_round_encounter_session.gd:294)
   GDScript backtrace (most recent call first):
       [0] _validate_setup (res://scripts/run/three_round_encounter_session.gd:294)
       [1] start (res://scripts/run/three_round_encounter_session.gd:57)
       [2] start (res://scripts/run/iron_abacus_slice_session.gd:81)
       [3] _test_dealer_boundary_retry (res://tests/iron_abacus_slice_session_test.gd:133)
       [4] run (res://tests/iron_abacus_slice_session_test.gd:6)
       [5] _run_all (res://tests/run_all.gd:27)
SCRIPT ERROR: Invalid call. Nonexistent function 'new' in base 'GDScript'.
   at: CardCatalog.validate (res://scripts/cards/card_catalog.gd:112)
   GDScript backtrace (most recent call first):
       [0] validate (res://scripts/cards/card_catalog.gd:112)
       [1] start (res://scripts/run/three_round_encounter_session.gd:54)
       [2] _create_dealer_encounter (res://scripts/run/iron_abacus_slice_session.gd:271)
       [3] start_dealer (res://scripts/run/iron_abacus_slice_session.gd:158)
       [4] _test_dealer_boundary_retry (res://tests/iron_abacus_slice_session_test.gd:144)
       [5] run (res://tests/iron_abacus_slice_session_test.gd:6)
       [6] _run_all (res://tests/run_all.gd:27)
SCRIPT ERROR: Invalid call. Nonexistent function 'new' in base 'GDScript'.
   at: ThreeRoundEncounterSession._validate_setup (res://scripts/run/three_round_encounter_session.gd:294)
   GDScript backtrace (most recent call first):
       [0] _validate_setup (res://scripts/run/three_round_encounter_session.gd:294)
       [1] start (res://scripts/run/three_round_encounter_session.gd:57)
       [2] _create_dealer_encounter (res://scripts/run/iron_abacus_slice_session.gd:271)
       [3] start_dealer (res://scripts/run/iron_abacus_slice_session.gd:158)
       [4] _test_dealer_boundary_retry (res://tests/iron_abacus_slice_session_test.gd:144)
       [5] run (res://tests/iron_abacus_slice_session_test.gd:6)
       [6] _run_all (res://tests/run_all.gd:27)
SCRIPT ERROR: Invalid call. Nonexistent function 'new' in base 'GDScript'.
   at: CardCatalog.validate (res://scripts/cards/card_catalog.gd:112)
   GDScript backtrace (most recent call first):
       [0] validate (res://scripts/cards/card_catalog.gd:112)
       [1] start (res://scripts/run/three_round_encounter_session.gd:54)
       [2] _create_dealer_encounter (res://scripts/run/iron_abacus_slice_session.gd:271)
       [3] retry_dealer (res://scripts/run/iron_abacus_slice_session.gd:166)
       [4] _test_dealer_boundary_retry (res://tests/iron_abacus_slice_session_test.gd:152)
       [5] run (res://tests/iron_abacus_slice_session_test.gd:6)
       [6] _run_all (res://tests/run_all.gd:27)
SCRIPT ERROR: Invalid call. Nonexistent function 'new' in base 'GDScript'.
   at: ThreeRoundEncounterSession._validate_setup (res://scripts/run/three_round_encounter_session.gd:294)
   GDScript backtrace (most recent call first):
       [0] _validate_setup (res://scripts/run/three_round_encounter_session.gd:294)
       [1] start (res://scripts/run/three_round_encounter_session.gd:57)
       [2] _create_dealer_encounter (res://scripts/run/iron_abacus_slice_session.gd:271)
       [3] retry_dealer (res://scripts/run/iron_abacus_slice_session.gd:166)
       [4] _test_dealer_boundary_retry (res://tests/iron_abacus_slice_session_test.gd:152)
       [5] run (res://tests/iron_abacus_slice_session_test.gd:6)
       [6] _run_all (res://tests/run_all.gd:27)
SCRIPT ERROR: Invalid call. Nonexistent function 'new' in base 'GDScript'.
   at: CardCatalog.validate (res://scripts/cards/card_catalog.gd:112)
   GDScript backtrace (most recent call first):
       [0] validate (res://scripts/cards/card_catalog.gd:112)
       [1] start (res://scripts/run/iron_abacus_slice_session.gd:57)
       [2] _drive_to_verification (res://tests/iron_abacus_slice_session_test.gd:180)
       [3] _test_same_seed_replays_full_random_state (res://tests/iron_abacus_slice_session_test.gd:160)
       [4] run (res://tests/iron_abacus_slice_session_test.gd:7)
       [5] _run_all (res://tests/run_all.gd:27)
SCRIPT ERROR: Invalid call. Nonexistent function 'new' in base 'GDScript'.
   at: DealerCatalog.validate (res://scripts/dealers/dealer_catalog.gd:57)
   GDScript backtrace (most recent call first):
       [0] validate (res://scripts/dealers/dealer_catalog.gd:57)
       [1] start (res://scripts/run/iron_abacus_slice_session.gd:58)
       [2] _drive_to_verification (res://tests/iron_abacus_slice_session_test.gd:180)
       [3] _test_same_seed_replays_full_random_state (res://tests/iron_abacus_slice_session_test.gd:160)
       [4] run (res://tests/iron_abacus_slice_session_test.gd:7)
       [5] _run_all (res://tests/run_all.gd:27)
SCRIPT ERROR: Invalid call. Nonexistent function 'new' in base 'GDScript'.
   at: EngravingCatalog.validate (res://scripts/engravings/engraving_catalog.gd:78)
   GDScript backtrace (most recent call first):
       [0] validate (res://scripts/engravings/engraving_catalog.gd:78)
       [1] start (res://scripts/run/iron_abacus_slice_session.gd:59)
       [2] _drive_to_verification (res://tests/iron_abacus_slice_session_test.gd:180)
       [3] _test_same_seed_replays_full_random_state (res://tests/iron_abacus_slice_session_test.gd:160)
       [4] run (res://tests/iron_abacus_slice_session_test.gd:7)
       [5] _run_all (res://tests/run_all.gd:27)
SCRIPT ERROR: Invalid call. Nonexistent function 'new' in base 'GDScript'.
   at: CardCatalog.validate (res://scripts/cards/card_catalog.gd:112)
   GDScript backtrace (most recent call first):
       [0] validate (res://scripts/cards/card_catalog.gd:112)
       [1] start (res://scripts/run/three_round_encounter_session.gd:54)
       [2] start (res://scripts/run/iron_abacus_slice_session.gd:81)
       [3] _drive_to_verification (res://tests/iron_abacus_slice_session_test.gd:180)
       [4] _test_same_seed_replays_full_random_state (res://tests/iron_abacus_slice_session_test.gd:160)
       [5] run (res://tests/iron_abacus_slice_session_test.gd:7)
       [6] _run_all (res://tests/run_all.gd:27)
SCRIPT ERROR: Invalid call. Nonexistent function 'new' in base 'GDScript'.
   at: ThreeRoundEncounterSession._validate_setup (res://scripts/run/three_round_encounter_session.gd:294)
   GDScript backtrace (most recent call first):
       [0] _validate_setup (res://scripts/run/three_round_encounter_session.gd:294)
       [1] start (res://scripts/run/three_round_encounter_session.gd:57)
       [2] start (res://scripts/run/iron_abacus_slice_session.gd:81)
       [3] _drive_to_verification (res://tests/iron_abacus_slice_session_test.gd:180)
       [4] _test_same_seed_replays_full_random_state (res://tests/iron_abacus_slice_session_test.gd:160)
       [5] run (res://tests/iron_abacus_slice_session_test.gd:7)
       [6] _run_all (res://tests/run_all.gd:27)
SCRIPT ERROR: Invalid call. Nonexistent function 'new' in base 'GDScript'.
   at: CardCatalog.validate (res://scripts/cards/card_catalog.gd:112)
   GDScript backtrace (most recent call first):
       [0] validate (res://scripts/cards/card_catalog.gd:112)
       [1] start (res://scripts/run/three_round_encounter_session.gd:54)
       [2] _create_dealer_encounter (res://scripts/run/iron_abacus_slice_session.gd:271)
       [3] start_dealer (res://scripts/run/iron_abacus_slice_session.gd:158)
       [4] _drive_to_verification (res://tests/iron_abacus_slice_session_test.gd:184)
       [5] _test_same_seed_replays_full_random_state (res://tests/iron_abacus_slice_session_test.gd:160)
       [6] run (res://tests/iron_abacus_slice_session_test.gd:7)
       [7] _run_all (res://tests/run_all.gd:27)
SCRIPT ERROR: Invalid call. Nonexistent function 'new' in base 'GDScript'.
   at: ThreeRoundEncounterSession._validate_setup (res://scripts/run/three_round_encounter_session.gd:294)
   GDScript backtrace (most recent call first):
       [0] _validate_setup (res://scripts/run/three_round_encounter_session.gd:294)
       [1] start (res://scripts/run/three_round_encounter_session.gd:57)
       [2] _create_dealer_encounter (res://scripts/run/iron_abacus_slice_session.gd:271)
       [3] start_dealer (res://scripts/run/iron_abacus_slice_session.gd:158)
       [4] _drive_to_verification (res://tests/iron_abacus_slice_session_test.gd:184)
       [5] _test_same_seed_replays_full_random_state (res://tests/iron_abacus_slice_session_test.gd:160)
       [6] run (res://tests/iron_abacus_slice_session_test.gd:7)
       [7] _run_all (res://tests/run_all.gd:27)
SCRIPT ERROR: Invalid call. Nonexistent function 'new' in base 'GDScript'.
   at: CardCatalog.validate (res://scripts/cards/card_catalog.gd:112)
   GDScript backtrace (most recent call first):
       [0] validate (res://scripts/cards/card_catalog.gd:112)
       [1] start (res://scripts/run/iron_abacus_slice_session.gd:57)
       [2] _drive_to_verification (res://tests/iron_abacus_slice_session_test.gd:180)
       [3] _test_same_seed_replays_full_random_state (res://tests/iron_abacus_slice_session_test.gd:161)
       [4] run (res://tests/iron_abacus_slice_session_test.gd:7)
       [5] _run_all (res://tests/run_all.gd:27)
SCRIPT ERROR: Invalid call. Nonexistent function 'new' in base 'GDScript'.
   at: DealerCatalog.validate (res://scripts/dealers/dealer_catalog.gd:57)
   GDScript backtrace (most recent call first):
       [0] validate (res://scripts/dealers/dealer_catalog.gd:57)
       [1] start (res://scripts/run/iron_abacus_slice_session.gd:58)
       [2] _drive_to_verification (res://tests/iron_abacus_slice_session_test.gd:180)
       [3] _test_same_seed_replays_full_random_state (res://tests/iron_abacus_slice_session_test.gd:161)
       [4] run (res://tests/iron_abacus_slice_session_test.gd:7)
       [5] _run_all (res://tests/run_all.gd:27)
SCRIPT ERROR: Invalid call. Nonexistent function 'new' in base 'GDScript'.
   at: EngravingCatalog.validate (res://scripts/engravings/engraving_catalog.gd:78)
   GDScript backtrace (most recent call first):
       [0] validate (res://scripts/engravings/engraving_catalog.gd:78)
       [1] start (res://scripts/run/iron_abacus_slice_session.gd:59)
       [2] _drive_to_verification (res://tests/iron_abacus_slice_session_test.gd:180)
       [3] _test_same_seed_replays_full_random_state (res://tests/iron_abacus_slice_session_test.gd:161)
       [4] run (res://tests/iron_abacus_slice_session_test.gd:7)
       [5] _run_all (res://tests/run_all.gd:27)
SCRIPT ERROR: Invalid call. Nonexistent function 'new' in base 'GDScript'.
   at: CardCatalog.validate (res://scripts/cards/card_catalog.gd:112)
   GDScript backtrace (most recent call first):
       [0] validate (res://scripts/cards/card_catalog.gd:112)
       [1] start (res://scripts/run/three_round_encounter_session.gd:54)
       [2] start (res://scripts/run/iron_abacus_slice_session.gd:81)
       [3] _drive_to_verification (res://tests/iron_abacus_slice_session_test.gd:180)
       [4] _test_same_seed_replays_full_random_state (res://tests/iron_abacus_slice_session_test.gd:161)
       [5] run (res://tests/iron_abacus_slice_session_test.gd:7)
       [6] _run_all (res://tests/run_all.gd:27)
SCRIPT ERROR: Invalid call. Nonexistent function 'new' in base 'GDScript'.
   at: ThreeRoundEncounterSession._validate_setup (res://scripts/run/three_round_encounter_session.gd:294)
   GDScript backtrace (most recent call first):
       [0] _validate_setup (res://scripts/run/three_round_encounter_session.gd:294)
       [1] start (res://scripts/run/three_round_encounter_session.gd:57)
       [2] start (res://scripts/run/iron_abacus_slice_session.gd:81)
       [3] _drive_to_verification (res://tests/iron_abacus_slice_session_test.gd:180)
       [4] _test_same_seed_replays_full_random_state (res://tests/iron_abacus_slice_session_test.gd:161)
       [5] run (res://tests/iron_abacus_slice_session_test.gd:7)
       [6] _run_all (res://tests/run_all.gd:27)
SCRIPT ERROR: Invalid call. Nonexistent function 'new' in base 'GDScript'.
   at: CardCatalog.validate (res://scripts/cards/card_catalog.gd:112)
   GDScript backtrace (most recent call first):
       [0] validate (res://scripts/cards/card_catalog.gd:112)
       [1] start (res://scripts/run/three_round_encounter_session.gd:54)
       [2] _create_dealer_encounter (res://scripts/run/iron_abacus_slice_session.gd:271)
       [3] start_dealer (res://scripts/run/iron_abacus_slice_session.gd:158)
       [4] _drive_to_verification (res://tests/iron_abacus_slice_session_test.gd:184)
       [5] _test_same_seed_replays_full_random_state (res://tests/iron_abacus_slice_session_test.gd:161)
       [6] run (res://tests/iron_abacus_slice_session_test.gd:7)
       [7] _run_all (res://tests/run_all.gd:27)
SCRIPT ERROR: Invalid call. Nonexistent function 'new' in base 'GDScript'.
   at: ThreeRoundEncounterSession._validate_setup (res://scripts/run/three_round_encounter_session.gd:294)
   GDScript backtrace (most recent call first):
       [0] _validate_setup (res://scripts/run/three_round_encounter_session.gd:294)
       [1] start (res://scripts/run/three_round_encounter_session.gd:57)
       [2] _create_dealer_encounter (res://scripts/run/iron_abacus_slice_session.gd:271)
       [3] start_dealer (res://scripts/run/iron_abacus_slice_session.gd:158)
       [4] _drive_to_verification (res://tests/iron_abacus_slice_session_test.gd:184)
       [5] _test_same_seed_replays_full_random_state (res://tests/iron_abacus_slice_session_test.gd:161)
       [6] run (res://tests/iron_abacus_slice_session_test.gd:7)
       [7] _run_all (res://tests/run_all.gd:27)
PASS iron_abacus_slice_session_test.gd
PASS main_entry_ui_contract_test.gd
PASS main_menu_ui_contract_test.gd
PASS mirror_copy_resolver_test.gd
PASS mirror_data_model_test.gd
PASS mirror_encounter_ui_contract_test.gd
PASS mirror_engraving_resolution_test.gd
SCRIPT ERROR: Invalid call. Nonexistent function 'new' in base 'GDScript'.
   at: CardCatalog.validate (res://scripts/cards/card_catalog.gd:112)
   GDScript backtrace (most recent call first):
       [0] validate (res://scripts/cards/card_catalog.gd:112)
       [1] start (res://scripts/run/area_run_session.gd:73)
       [2] _test_mirror_area_starts_with_fixed_build (res://tests/mirror_hall_area_run_test.gd:16)
       [3] run (res://tests/mirror_hall_area_run_test.gd:6)
       [4] _run_all (res://tests/run_all.gd:27)
SCRIPT ERROR: Invalid call. Nonexistent function 'new' in base 'GDScript'.
   at: DealerCatalog.validate (res://scripts/dealers/dealer_catalog.gd:57)
   GDScript backtrace (most recent call first):
       [0] validate (res://scripts/dealers/dealer_catalog.gd:57)
       [1] start (res://scripts/run/area_run_session.gd:74)
       [2] _test_mirror_area_starts_with_fixed_build (res://tests/mirror_hall_area_run_test.gd:16)
       [3] run (res://tests/mirror_hall_area_run_test.gd:6)
       [4] _run_all (res://tests/run_all.gd:27)
SCRIPT ERROR: Invalid call. Nonexistent function 'new' in base 'GDScript'.
   at: EngravingCatalog.validate (res://scripts/engravings/engraving_catalog.gd:78)
   GDScript backtrace (most recent call first):
       [0] validate (res://scripts/engravings/engraving_catalog.gd:78)
       [1] start (res://scripts/run/area_run_session.gd:75)
       [2] _test_mirror_area_starts_with_fixed_build (res://tests/mirror_hall_area_run_test.gd:16)
       [3] run (res://tests/mirror_hall_area_run_test.gd:6)
       [4] _run_all (res://tests/run_all.gd:27)
SCRIPT ERROR: Invalid call. Nonexistent function 'new' in base 'GDScript'.
   at: AreaDefinition.validate (res://scripts/areas/area_definition.gd:60)
   GDScript backtrace (most recent call first):
       [0] validate (res://scripts/areas/area_definition.gd:60)
       [1] start (res://scripts/run/area_run_session.gd:79)
       [2] _test_mirror_area_starts_with_fixed_build (res://tests/mirror_hall_area_run_test.gd:16)
       [3] run (res://tests/mirror_hall_area_run_test.gd:6)
       [4] _run_all (res://tests/run_all.gd:27)
SCRIPT ERROR: Invalid call. Nonexistent function 'new' in base 'GDScript'.
   at: CardCatalog.validate (res://scripts/cards/card_catalog.gd:112)
   GDScript backtrace (most recent call first):
       [0] validate (res://scripts/cards/card_catalog.gd:112)
       [1] start (res://scripts/run/area_run_session.gd:73)
       [2] _complete_run (res://tests/mirror_hall_area_run_test.gd:112)
       [3] _test_all_route_combinations_complete (res://tests/mirror_hall_area_run_test.gd:35)
       [4] run (res://tests/mirror_hall_area_run_test.gd:7)
       [5] _run_all (res://tests/run_all.gd:27)
SCRIPT ERROR: Invalid call. Nonexistent function 'new' in base 'GDScript'.
   at: DealerCatalog.validate (res://scripts/dealers/dealer_catalog.gd:57)
   GDScript backtrace (most recent call first):
       [0] validate (res://scripts/dealers/dealer_catalog.gd:57)
       [1] start (res://scripts/run/area_run_session.gd:74)
       [2] _complete_run (res://tests/mirror_hall_area_run_test.gd:112)
       [3] _test_all_route_combinations_complete (res://tests/mirror_hall_area_run_test.gd:35)
       [4] run (res://tests/mirror_hall_area_run_test.gd:7)
       [5] _run_all (res://tests/run_all.gd:27)
SCRIPT ERROR: Invalid call. Nonexistent function 'new' in base 'GDScript'.
   at: EngravingCatalog.validate (res://scripts/engravings/engraving_catalog.gd:78)
   GDScript backtrace (most recent call first):
       [0] validate (res://scripts/engravings/engraving_catalog.gd:78)
       [1] start (res://scripts/run/area_run_session.gd:75)
       [2] _complete_run (res://tests/mirror_hall_area_run_test.gd:112)
       [3] _test_all_route_combinations_complete (res://tests/mirror_hall_area_run_test.gd:35)
       [4] run (res://tests/mirror_hall_area_run_test.gd:7)
       [5] _run_all (res://tests/run_all.gd:27)
SCRIPT ERROR: Invalid call. Nonexistent function 'new' in base 'GDScript'.
   at: AreaDefinition.validate (res://scripts/areas/area_definition.gd:60)
   GDScript backtrace (most recent call first):
       [0] validate (res://scripts/areas/area_definition.gd:60)
       [1] start (res://scripts/run/area_run_session.gd:79)
       [2] _complete_run (res://tests/mirror_hall_area_run_test.gd:112)
       [3] _test_all_route_combinations_complete (res://tests/mirror_hall_area_run_test.gd:35)
       [4] run (res://tests/mirror_hall_area_run_test.gd:7)
       [5] _run_all (res://tests/run_all.gd:27)
SCRIPT ERROR: Invalid call. Nonexistent function 'new' in base 'GDScript'.
   at: CardCatalog.validate (res://scripts/cards/card_catalog.gd:112)
   GDScript backtrace (most recent call first):
       [0] validate (res://scripts/cards/card_catalog.gd:112)
       [1] start (res://scripts/run/three_round_encounter_session.gd:54)
       [2] _create_normal_room (res://scripts/run/area_run_session.gd:442)
       [3] select_route (res://scripts/run/area_run_session.gd:157)
       [4] _complete_run (res://tests/mirror_hall_area_run_test.gd:115)
       [5] _test_all_route_combinations_complete (res://tests/mirror_hall_area_run_test.gd:35)
       [6] run (res://tests/mirror_hall_area_run_test.gd:7)
       [7] _run_all (res://tests/run_all.gd:27)
SCRIPT ERROR: Invalid call. Nonexistent function 'new' in base 'GDScript'.
   at: ThreeRoundEncounterSession._validate_setup (res://scripts/run/three_round_encounter_session.gd:294)
   GDScript backtrace (most recent call first):
       [0] _validate_setup (res://scripts/run/three_round_encounter_session.gd:294)
       [1] start (res://scripts/run/three_round_encounter_session.gd:57)
       [2] _create_normal_room (res://scripts/run/area_run_session.gd:442)
       [3] select_route (res://scripts/run/area_run_session.gd:157)
       [4] _complete_run (res://tests/mirror_hall_area_run_test.gd:115)
       [5] _test_all_route_combinations_complete (res://tests/mirror_hall_area_run_test.gd:35)
       [6] run (res://tests/mirror_hall_area_run_test.gd:7)
       [7] _run_all (res://tests/run_all.gd:27)
SCRIPT ERROR: Invalid call. Nonexistent function 'new' in base 'GDScript'.
   at: CardCatalog.validate (res://scripts/cards/card_catalog.gd:112)
   GDScript backtrace (most recent call first):
       [0] validate (res://scripts/cards/card_catalog.gd:112)
       [1] start (res://scripts/run/three_round_encounter_session.gd:54)
       [2] _create_normal_room (res://scripts/run/area_run_session.gd:442)
       [3] select_route (res://scripts/run/area_run_session.gd:157)
       [4] _complete_run (res://tests/mirror_hall_area_run_test.gd:115)
       [5] _test_all_route_combinations_complete (res://tests/mirror_hall_area_run_test.gd:35)
       [6] run (res://tests/mirror_hall_area_run_test.gd:7)
       [7] _run_all (res://tests/run_all.gd:27)
SCRIPT ERROR: Invalid call. Nonexistent function 'new' in base 'GDScript'.
   at: ThreeRoundEncounterSession._validate_setup (res://scripts/run/three_round_encounter_session.gd:294)
   GDScript backtrace (most recent call first):
       [0] _validate_setup (res://scripts/run/three_round_encounter_session.gd:294)
       [1] start (res://scripts/run/three_round_encounter_session.gd:57)
       [2] _create_normal_room (res://scripts/run/area_run_session.gd:442)
       [3] select_route (res://scripts/run/area_run_session.gd:157)
       [4] _complete_run (res://tests/mirror_hall_area_run_test.gd:115)
       [5] _test_all_route_combinations_complete (res://tests/mirror_hall_area_run_test.gd:35)
       [6] run (res://tests/mirror_hall_area_run_test.gd:7)
       [7] _run_all (res://tests/run_all.gd:27)
SCRIPT ERROR: Invalid call. Nonexistent function 'new' in base 'GDScript'.
   at: CardCatalog.validate (res://scripts/cards/card_catalog.gd:112)
   GDScript backtrace (most recent call first):
       [0] validate (res://scripts/cards/card_catalog.gd:112)
       [1] start (res://scripts/run/three_round_encounter_session.gd:54)
       [2] _create_dealer (res://scripts/run/area_run_session.gd:478)
       [3] leave_shop (res://scripts/run/area_run_session.gd:312)
       [4] _complete_run (res://tests/mirror_hall_area_run_test.gd:126)
       [5] _test_all_route_combinations_complete (res://tests/mirror_hall_area_run_test.gd:35)
       [6] run (res://tests/mirror_hall_area_run_test.gd:7)
       [7] _run_all (res://tests/run_all.gd:27)
SCRIPT ERROR: Invalid call. Nonexistent function 'new' in base 'GDScript'.
   at: ThreeRoundEncounterSession._validate_setup (res://scripts/run/three_round_encounter_session.gd:294)
   GDScript backtrace (most recent call first):
       [0] _validate_setup (res://scripts/run/three_round_encounter_session.gd:294)
       [1] start (res://scripts/run/three_round_encounter_session.gd:57)
       [2] _create_dealer (res://scripts/run/area_run_session.gd:478)
       [3] leave_shop (res://scripts/run/area_run_session.gd:312)
       [4] _complete_run (res://tests/mirror_hall_area_run_test.gd:126)
       [5] _test_all_route_combinations_complete (res://tests/mirror_hall_area_run_test.gd:35)
       [6] run (res://tests/mirror_hall_area_run_test.gd:7)
       [7] _run_all (res://tests/run_all.gd:27)
SCRIPT ERROR: Invalid call. Nonexistent function 'new' in base 'GDScript'.
   at: CardCatalog.validate (res://scripts/cards/card_catalog.gd:112)
   GDScript backtrace (most recent call first):
       [0] validate (res://scripts/cards/card_catalog.gd:112)
       [1] start (res://scripts/run/area_run_session.gd:73)
       [2] _complete_run (res://tests/mirror_hall_area_run_test.gd:112)
       [3] _test_all_route_combinations_complete (res://tests/mirror_hall_area_run_test.gd:35)
       [4] run (res://tests/mirror_hall_area_run_test.gd:7)
       [5] _run_all (res://tests/run_all.gd:27)
SCRIPT ERROR: Invalid call. Nonexistent function 'new' in base 'GDScript'.
   at: DealerCatalog.validate (res://scripts/dealers/dealer_catalog.gd:57)
   GDScript backtrace (most recent call first):
       [0] validate (res://scripts/dealers/dealer_catalog.gd:57)
       [1] start (res://scripts/run/area_run_session.gd:74)
       [2] _complete_run (res://tests/mirror_hall_area_run_test.gd:112)
       [3] _test_all_route_combinations_complete (res://tests/mirror_hall_area_run_test.gd:35)
       [4] run (res://tests/mirror_hall_area_run_test.gd:7)
       [5] _run_all (res://tests/run_all.gd:27)
SCRIPT ERROR: Invalid call. Nonexistent function 'new' in base 'GDScript'.
   at: EngravingCatalog.validate (res://scripts/engravings/engraving_catalog.gd:78)
   GDScript backtrace (most recent call first):
       [0] validate (res://scripts/engravings/engraving_catalog.gd:78)
       [1] start (res://scripts/run/area_run_session.gd:75)
       [2] _complete_run (res://tests/mirror_hall_area_run_test.gd:112)
       [3] _test_all_route_combinations_complete (res://tests/mirror_hall_area_run_test.gd:35)
       [4] run (res://tests/mirror_hall_area_run_test.gd:7)
       [5] _run_all (res://tests/run_all.gd:27)
SCRIPT ERROR: Invalid call. Nonexistent function 'new' in base 'GDScript'.
   at: AreaDefinition.validate (res://scripts/areas/area_definition.gd:60)
   GDScript backtrace (most recent call first):
       [0] validate (res://scripts/areas/area_definition.gd:60)
       [1] start (res://scripts/run/area_run_session.gd:79)
       [2] _complete_run (res://tests/mirror_hall_area_run_test.gd:112)
       [3] _test_all_route_combinations_complete (res://tests/mirror_hall_area_run_test.gd:35)
       [4] run (res://tests/mirror_hall_area_run_test.gd:7)
       [5] _run_all (res://tests/run_all.gd:27)
SCRIPT ERROR: Invalid call. Nonexistent function 'new' in base 'GDScript'.
   at: CardCatalog.validate (res://scripts/cards/card_catalog.gd:112)
   GDScript backtrace (most recent call first):
       [0] validate (res://scripts/cards/card_catalog.gd:112)
       [1] start (res://scripts/run/three_round_encounter_session.gd:54)
       [2] _create_normal_room (res://scripts/run/area_run_session.gd:442)
       [3] select_route (res://scripts/run/area_run_session.gd:157)
       [4] _complete_run (res://tests/mirror_hall_area_run_test.gd:115)
       [5] _test_all_route_combinations_complete (res://tests/mirror_hall_area_run_test.gd:35)
       [6] run (res://tests/mirror_hall_area_run_test.gd:7)
       [7] _run_all (res://tests/run_all.gd:27)
SCRIPT ERROR: Invalid call. Nonexistent function 'new' in base 'GDScript'.
   at: ThreeRoundEncounterSession._validate_setup (res://scripts/run/three_round_encounter_session.gd:294)
   GDScript backtrace (most recent call first):
       [0] _validate_setup (res://scripts/run/three_round_encounter_session.gd:294)
       [1] start (res://scripts/run/three_round_encounter_session.gd:57)
       [2] _create_normal_room (res://scripts/run/area_run_session.gd:442)
       [3] select_route (res://scripts/run/area_run_session.gd:157)
       [4] _complete_run (res://tests/mirror_hall_area_run_test.gd:115)
       [5] _test_all_route_combinations_complete (res://tests/mirror_hall_area_run_test.gd:35)
       [6] run (res://tests/mirror_hall_area_run_test.gd:7)
       [7] _run_all (res://tests/run_all.gd:27)
SCRIPT ERROR: Invalid call. Nonexistent function 'new' in base 'GDScript'.
   at: CardCatalog.validate (res://scripts/cards/card_catalog.gd:112)
   GDScript backtrace (most recent call first):
       [0] validate (res://scripts/cards/card_catalog.gd:112)
       [1] start (res://scripts/run/three_round_encounter_session.gd:54)
       [2] _create_normal_room (res://scripts/run/area_run_session.gd:442)
       [3] select_route (res://scripts/run/area_run_session.gd:157)
       [4] _complete_run (res://tests/mirror_hall_area_run_test.gd:115)
       [5] _test_all_route_combinations_complete (res://tests/mirror_hall_area_run_test.gd:35)
       [6] run (res://tests/mirror_hall_area_run_test.gd:7)
       [7] _run_all (res://tests/run_all.gd:27)
SCRIPT ERROR: Invalid call. Nonexistent function 'new' in base 'GDScript'.
   at: ThreeRoundEncounterSession._validate_setup (res://scripts/run/three_round_encounter_session.gd:294)
   GDScript backtrace (most recent call first):
       [0] _validate_setup (res://scripts/run/three_round_encounter_session.gd:294)
       [1] start (res://scripts/run/three_round_encounter_session.gd:57)
       [2] _create_normal_room (res://scripts/run/area_run_session.gd:442)
       [3] select_route (res://scripts/run/area_run_session.gd:157)
       [4] _complete_run (res://tests/mirror_hall_area_run_test.gd:115)
       [5] _test_all_route_combinations_complete (res://tests/mirror_hall_area_run_test.gd:35)
       [6] run (res://tests/mirror_hall_area_run_test.gd:7)
       [7] _run_all (res://tests/run_all.gd:27)
SCRIPT ERROR: Invalid call. Nonexistent function 'new' in base 'GDScript'.
   at: CardCatalog.validate (res://scripts/cards/card_catalog.gd:112)
   GDScript backtrace (most recent call first):
       [0] validate (res://scripts/cards/card_catalog.gd:112)
       [1] start (res://scripts/run/three_round_encounter_session.gd:54)
       [2] _create_dealer (res://scripts/run/area_run_session.gd:478)
       [3] leave_shop (res://scripts/run/area_run_session.gd:312)
       [4] _complete_run (res://tests/mirror_hall_area_run_test.gd:126)
       [5] _test_all_route_combinations_complete (res://tests/mirror_hall_area_run_test.gd:35)
       [6] run (res://tests/mirror_hall_area_run_test.gd:7)
       [7] _run_all (res://tests/run_all.gd:27)
SCRIPT ERROR: Invalid call. Nonexistent function 'new' in base 'GDScript'.
   at: ThreeRoundEncounterSession._validate_setup (res://scripts/run/three_round_encounter_session.gd:294)
   GDScript backtrace (most recent call first):
       [0] _validate_setup (res://scripts/run/three_round_encounter_session.gd:294)
       [1] start (res://scripts/run/three_round_encounter_session.gd:57)
       [2] _create_dealer (res://scripts/run/area_run_session.gd:478)
       [3] leave_shop (res://scripts/run/area_run_session.gd:312)
       [4] _complete_run (res://tests/mirror_hall_area_run_test.gd:126)
       [5] _test_all_route_combinations_complete (res://tests/mirror_hall_area_run_test.gd:35)
       [6] run (res://tests/mirror_hall_area_run_test.gd:7)
       [7] _run_all (res://tests/run_all.gd:27)
SCRIPT ERROR: Invalid call. Nonexistent function 'new' in base 'GDScript'.
   at: CardCatalog.validate (res://scripts/cards/card_catalog.gd:112)
   GDScript backtrace (most recent call first):
       [0] validate (res://scripts/cards/card_catalog.gd:112)
       [1] start (res://scripts/run/area_run_session.gd:73)
       [2] _complete_run (res://tests/mirror_hall_area_run_test.gd:112)
       [3] _test_all_route_combinations_complete (res://tests/mirror_hall_area_run_test.gd:35)
       [4] run (res://tests/mirror_hall_area_run_test.gd:7)
       [5] _run_all (res://tests/run_all.gd:27)
SCRIPT ERROR: Invalid call. Nonexistent function 'new' in base 'GDScript'.
   at: DealerCatalog.validate (res://scripts/dealers/dealer_catalog.gd:57)
   GDScript backtrace (most recent call first):
       [0] validate (res://scripts/dealers/dealer_catalog.gd:57)
       [1] start (res://scripts/run/area_run_session.gd:74)
       [2] _complete_run (res://tests/mirror_hall_area_run_test.gd:112)
       [3] _test_all_route_combinations_complete (res://tests/mirror_hall_area_run_test.gd:35)
       [4] run (res://tests/mirror_hall_area_run_test.gd:7)
       [5] _run_all (res://tests/run_all.gd:27)
SCRIPT ERROR: Invalid call. Nonexistent function 'new' in base 'GDScript'.
   at: EngravingCatalog.validate (res://scripts/engravings/engraving_catalog.gd:78)
   GDScript backtrace (most recent call first):
       [0] validate (res://scripts/engravings/engraving_catalog.gd:78)
       [1] start (res://scripts/run/area_run_session.gd:75)
       [2] _complete_run (res://tests/mirror_hall_area_run_test.gd:112)
       [3] _test_all_route_combinations_complete (res://tests/mirror_hall_area_run_test.gd:35)
       [4] run (res://tests/mirror_hall_area_run_test.gd:7)
       [5] _run_all (res://tests/run_all.gd:27)
SCRIPT ERROR: Invalid call. Nonexistent function 'new' in base 'GDScript'.
   at: AreaDefinition.validate (res://scripts/areas/area_definition.gd:60)
   GDScript backtrace (most recent call first):
       [0] validate (res://scripts/areas/area_definition.gd:60)
       [1] start (res://scripts/run/area_run_session.gd:79)
       [2] _complete_run (res://tests/mirror_hall_area_run_test.gd:112)
       [3] _test_all_route_combinations_complete (res://tests/mirror_hall_area_run_test.gd:35)
       [4] run (res://tests/mirror_hall_area_run_test.gd:7)
       [5] _run_all (res://tests/run_all.gd:27)
SCRIPT ERROR: Invalid call. Nonexistent function 'new' in base 'GDScript'.
   at: CardCatalog.validate (res://scripts/cards/card_catalog.gd:112)
   GDScript backtrace (most recent call first):
       [0] validate (res://scripts/cards/card_catalog.gd:112)
       [1] start (res://scripts/run/three_round_encounter_session.gd:54)
       [2] _create_normal_room (res://scripts/run/area_run_session.gd:442)
       [3] select_route (res://scripts/run/area_run_session.gd:157)
       [4] _complete_run (res://tests/mirror_hall_area_run_test.gd:115)
       [5] _test_all_route_combinations_complete (res://tests/mirror_hall_area_run_test.gd:35)
       [6] run (res://tests/mirror_hall_area_run_test.gd:7)
       [7] _run_all (res://tests/run_all.gd:27)
SCRIPT ERROR: Invalid call. Nonexistent function 'new' in base 'GDScript'.
   at: ThreeRoundEncounterSession._validate_setup (res://scripts/run/three_round_encounter_session.gd:294)
   GDScript backtrace (most recent call first):
       [0] _validate_setup (res://scripts/run/three_round_encounter_session.gd:294)
       [1] start (res://scripts/run/three_round_encounter_session.gd:57)
       [2] _create_normal_room (res://scripts/run/area_run_session.gd:442)
       [3] select_route (res://scripts/run/area_run_session.gd:157)
       [4] _complete_run (res://tests/mirror_hall_area_run_test.gd:115)
       [5] _test_all_route_combinations_complete (res://tests/mirror_hall_area_run_test.gd:35)
       [6] run (res://tests/mirror_hall_area_run_test.gd:7)
       [7] _run_all (res://tests/run_all.gd:27)
SCRIPT ERROR: Invalid call. Nonexistent function 'new' in base 'GDScript'.
   at: CardCatalog.validate (res://scripts/cards/card_catalog.gd:112)
   GDScript backtrace (most recent call first):
       [0] validate (res://scripts/cards/card_catalog.gd:112)
       [1] start (res://scripts/run/three_round_encounter_session.gd:54)
       [2] _create_normal_room (res://scripts/run/area_run_session.gd:442)
       [3] select_route (res://scripts/run/area_run_session.gd:157)
       [4] _complete_run (res://tests/mirror_hall_area_run_test.gd:115)
       [5] _test_all_route_combinations_complete (res://tests/mirror_hall_area_run_test.gd:35)
       [6] run (res://tests/mirror_hall_area_run_test.gd:7)
       [7] _run_all (res://tests/run_all.gd:27)
SCRIPT ERROR: Invalid call. Nonexistent function 'new' in base 'GDScript'.
   at: ThreeRoundEncounterSession._validate_setup (res://scripts/run/three_round_encounter_session.gd:294)
   GDScript backtrace (most recent call first):
       [0] _validate_setup (res://scripts/run/three_round_encounter_session.gd:294)
       [1] start (res://scripts/run/three_round_encounter_session.gd:57)
       [2] _create_normal_room (res://scripts/run/area_run_session.gd:442)
       [3] select_route (res://scripts/run/area_run_session.gd:157)
       [4] _complete_run (res://tests/mirror_hall_area_run_test.gd:115)
       [5] _test_all_route_combinations_complete (res://tests/mirror_hall_area_run_test.gd:35)
       [6] run (res://tests/mirror_hall_area_run_test.gd:7)
       [7] _run_all (res://tests/run_all.gd:27)
SCRIPT ERROR: Invalid call. Nonexistent function 'new' in base 'GDScript'.
   at: CardCatalog.validate (res://scripts/cards/card_catalog.gd:112)
   GDScript backtrace (most recent call first):
       [0] validate (res://scripts/cards/card_catalog.gd:112)
       [1] start (res://scripts/run/three_round_encounter_session.gd:54)
       [2] _create_dealer (res://scripts/run/area_run_session.gd:478)
       [3] leave_shop (res://scripts/run/area_run_session.gd:312)
       [4] _complete_run (res://tests/mirror_hall_area_run_test.gd:126)
       [5] _test_all_route_combinations_complete (res://tests/mirror_hall_area_run_test.gd:35)
       [6] run (res://tests/mirror_hall_area_run_test.gd:7)
       [7] _run_all (res://tests/run_all.gd:27)
SCRIPT ERROR: Invalid call. Nonexistent function 'new' in base 'GDScript'.
   at: ThreeRoundEncounterSession._validate_setup (res://scripts/run/three_round_encounter_session.gd:294)
   GDScript backtrace (most recent call first):
       [0] _validate_setup (res://scripts/run/three_round_encounter_session.gd:294)
       [1] start (res://scripts/run/three_round_encounter_session.gd:57)
       [2] _create_dealer (res://scripts/run/area_run_session.gd:478)
       [3] leave_shop (res://scripts/run/area_run_session.gd:312)
       [4] _complete_run (res://tests/mirror_hall_area_run_test.gd:126)
       [5] _test_all_route_combinations_complete (res://tests/mirror_hall_area_run_test.gd:35)
       [6] run (res://tests/mirror_hall_area_run_test.gd:7)
       [7] _run_all (res://tests/run_all.gd:27)
SCRIPT ERROR: Invalid call. Nonexistent function 'new' in base 'GDScript'.
   at: CardCatalog.validate (res://scripts/cards/card_catalog.gd:112)
   GDScript backtrace (most recent call first):
       [0] validate (res://scripts/cards/card_catalog.gd:112)
       [1] start (res://scripts/run/area_run_session.gd:73)
       [2] _complete_run (res://tests/mirror_hall_area_run_test.gd:112)
       [3] _test_all_route_combinations_complete (res://tests/mirror_hall_area_run_test.gd:35)
       [4] run (res://tests/mirror_hall_area_run_test.gd:7)
       [5] _run_all (res://tests/run_all.gd:27)
SCRIPT ERROR: Invalid call. Nonexistent function 'new' in base 'GDScript'.
   at: DealerCatalog.validate (res://scripts/dealers/dealer_catalog.gd:57)
   GDScript backtrace (most recent call first):
       [0] validate (res://scripts/dealers/dealer_catalog.gd:57)
       [1] start (res://scripts/run/area_run_session.gd:74)
       [2] _complete_run (res://tests/mirror_hall_area_run_test.gd:112)
       [3] _test_all_route_combinations_complete (res://tests/mirror_hall_area_run_test.gd:35)
       [4] run (res://tests/mirror_hall_area_run_test.gd:7)
       [5] _run_all (res://tests/run_all.gd:27)
SCRIPT ERROR: Invalid call. Nonexistent function 'new' in base 'GDScript'.
   at: EngravingCatalog.validate (res://scripts/engravings/engraving_catalog.gd:78)
   GDScript backtrace (most recent call first):
       [0] validate (res://scripts/engravings/engraving_catalog.gd:78)
       [1] start (res://scripts/run/area_run_session.gd:75)
       [2] _complete_run (res://tests/mirror_hall_area_run_test.gd:112)
       [3] _test_all_route_combinations_complete (res://tests/mirror_hall_area_run_test.gd:35)
       [4] run (res://tests/mirror_hall_area_run_test.gd:7)
       [5] _run_all (res://tests/run_all.gd:27)
SCRIPT ERROR: Invalid call. Nonexistent function 'new' in base 'GDScript'.
   at: AreaDefinition.validate (res://scripts/areas/area_definition.gd:60)
   GDScript backtrace (most recent call first):
       [0] validate (res://scripts/areas/area_definition.gd:60)
       [1] start (res://scripts/run/area_run_session.gd:79)
       [2] _complete_run (res://tests/mirror_hall_area_run_test.gd:112)
       [3] _test_all_route_combinations_complete (res://tests/mirror_hall_area_run_test.gd:35)
       [4] run (res://tests/mirror_hall_area_run_test.gd:7)
       [5] _run_all (res://tests/run_all.gd:27)
SCRIPT ERROR: Invalid call. Nonexistent function 'new' in base 'GDScript'.
   at: CardCatalog.validate (res://scripts/cards/card_catalog.gd:112)
   GDScript backtrace (most recent call first):
       [0] validate (res://scripts/cards/card_catalog.gd:112)
       [1] start (res://scripts/run/three_round_encounter_session.gd:54)
       [2] _create_normal_room (res://scripts/run/area_run_session.gd:442)
       [3] select_route (res://scripts/run/area_run_session.gd:157)
       [4] _complete_run (res://tests/mirror_hall_area_run_test.gd:115)
       [5] _test_all_route_combinations_complete (res://tests/mirror_hall_area_run_test.gd:35)
       [6] run (res://tests/mirror_hall_area_run_test.gd:7)
       [7] _run_all (res://tests/run_all.gd:27)
SCRIPT ERROR: Invalid call. Nonexistent function 'new' in base 'GDScript'.
   at: ThreeRoundEncounterSession._validate_setup (res://scripts/run/three_round_encounter_session.gd:294)
   GDScript backtrace (most recent call first):
       [0] _validate_setup (res://scripts/run/three_round_encounter_session.gd:294)
       [1] start (res://scripts/run/three_round_encounter_session.gd:57)
       [2] _create_normal_room (res://scripts/run/area_run_session.gd:442)
       [3] select_route (res://scripts/run/area_run_session.gd:157)
       [4] _complete_run (res://tests/mirror_hall_area_run_test.gd:115)
       [5] _test_all_route_combinations_complete (res://tests/mirror_hall_area_run_test.gd:35)
       [6] run (res://tests/mirror_hall_area_run_test.gd:7)
       [7] _run_all (res://tests/run_all.gd:27)
SCRIPT ERROR: Invalid call. Nonexistent function 'new' in base 'GDScript'.
   at: CardCatalog.validate (res://scripts/cards/card_catalog.gd:112)
   GDScript backtrace (most recent call first):
       [0] validate (res://scripts/cards/card_catalog.gd:112)
       [1] start (res://scripts/run/three_round_encounter_session.gd:54)
       [2] _create_normal_room (res://scripts/run/area_run_session.gd:442)
       [3] select_route (res://scripts/run/area_run_session.gd:157)
       [4] _complete_run (res://tests/mirror_hall_area_run_test.gd:115)
       [5] _test_all_route_combinations_complete (res://tests/mirror_hall_area_run_test.gd:35)
       [6] run (res://tests/mirror_hall_area_run_test.gd:7)
       [7] _run_all (res://tests/run_all.gd:27)
SCRIPT ERROR: Invalid call. Nonexistent function 'new' in base 'GDScript'.
   at: ThreeRoundEncounterSession._validate_setup (res://scripts/run/three_round_encounter_session.gd:294)
   GDScript backtrace (most recent call first):
       [0] _validate_setup (res://scripts/run/three_round_encounter_session.gd:294)
       [1] start (res://scripts/run/three_round_encounter_session.gd:57)
       [2] _create_normal_room (res://scripts/run/area_run_session.gd:442)
       [3] select_route (res://scripts/run/area_run_session.gd:157)
       [4] _complete_run (res://tests/mirror_hall_area_run_test.gd:115)
       [5] _test_all_route_combinations_complete (res://tests/mirror_hall_area_run_test.gd:35)
       [6] run (res://tests/mirror_hall_area_run_test.gd:7)
       [7] _run_all (res://tests/run_all.gd:27)
SCRIPT ERROR: Invalid call. Nonexistent function 'new' in base 'GDScript'.
   at: CardCatalog.validate (res://scripts/cards/card_catalog.gd:112)
   GDScript backtrace (most recent call first):
       [0] validate (res://scripts/cards/card_catalog.gd:112)
       [1] start (res://scripts/run/three_round_encounter_session.gd:54)
       [2] _create_dealer (res://scripts/run/area_run_session.gd:478)
       [3] leave_shop (res://scripts/run/area_run_session.gd:312)
       [4] _complete_run (res://tests/mirror_hall_area_run_test.gd:126)
       [5] _test_all_route_combinations_complete (res://tests/mirror_hall_area_run_test.gd:35)
       [6] run (res://tests/mirror_hall_area_run_test.gd:7)
       [7] _run_all (res://tests/run_all.gd:27)
SCRIPT ERROR: Invalid call. Nonexistent function 'new' in base 'GDScript'.
   at: ThreeRoundEncounterSession._validate_setup (res://scripts/run/three_round_encounter_session.gd:294)
   GDScript backtrace (most recent call first):
       [0] _validate_setup (res://scripts/run/three_round_encounter_session.gd:294)
       [1] start (res://scripts/run/three_round_encounter_session.gd:57)
       [2] _create_dealer (res://scripts/run/area_run_session.gd:478)
       [3] leave_shop (res://scripts/run/area_run_session.gd:312)
       [4] _complete_run (res://tests/mirror_hall_area_run_test.gd:126)
       [5] _test_all_route_combinations_complete (res://tests/mirror_hall_area_run_test.gd:35)
       [6] run (res://tests/mirror_hall_area_run_test.gd:7)
       [7] _run_all (res://tests/run_all.gd:27)
SCRIPT ERROR: Invalid call. Nonexistent function 'new' in base 'GDScript'.
   at: CardCatalog.validate (res://scripts/cards/card_catalog.gd:112)
   GDScript backtrace (most recent call first):
       [0] validate (res://scripts/cards/card_catalog.gd:112)
       [1] start (res://scripts/run/area_run_session.gd:73)
       [2] _complete_run (res://tests/mirror_hall_area_run_test.gd:112)
       [3] _test_same_seed_replays_full_completion (res://tests/mirror_hall_area_run_test.gd:48)
       [4] run (res://tests/mirror_hall_area_run_test.gd:8)
       [5] _run_all (res://tests/run_all.gd:27)
SCRIPT ERROR: Invalid call. Nonexistent function 'new' in base 'GDScript'.
   at: DealerCatalog.validate (res://scripts/dealers/dealer_catalog.gd:57)
   GDScript backtrace (most recent call first):
       [0] validate (res://scripts/dealers/dealer_catalog.gd:57)
       [1] start (res://scripts/run/area_run_session.gd:74)
       [2] _complete_run (res://tests/mirror_hall_area_run_test.gd:112)
       [3] _test_same_seed_replays_full_completion (res://tests/mirror_hall_area_run_test.gd:48)
       [4] run (res://tests/mirror_hall_area_run_test.gd:8)
       [5] _run_all (res://tests/run_all.gd:27)
SCRIPT ERROR: Invalid call. Nonexistent function 'new' in base 'GDScript'.
   at: EngravingCatalog.validate (res://scripts/engravings/engraving_catalog.gd:78)
   GDScript backtrace (most recent call first):
       [0] validate (res://scripts/engravings/engraving_catalog.gd:78)
       [1] start (res://scripts/run/area_run_session.gd:75)
       [2] _complete_run (res://tests/mirror_hall_area_run_test.gd:112)
       [3] _test_same_seed_replays_full_completion (res://tests/mirror_hall_area_run_test.gd:48)
       [4] run (res://tests/mirror_hall_area_run_test.gd:8)
       [5] _run_all (res://tests/run_all.gd:27)
SCRIPT ERROR: Invalid call. Nonexistent function 'new' in base 'GDScript'.
   at: AreaDefinition.validate (res://scripts/areas/area_definition.gd:60)
   GDScript backtrace (most recent call first):
       [0] validate (res://scripts/areas/area_definition.gd:60)
       [1] start (res://scripts/run/area_run_session.gd:79)
       [2] _complete_run (res://tests/mirror_hall_area_run_test.gd:112)
       [3] _test_same_seed_replays_full_completion (res://tests/mirror_hall_area_run_test.gd:48)
       [4] run (res://tests/mirror_hall_area_run_test.gd:8)
       [5] _run_all (res://tests/run_all.gd:27)
SCRIPT ERROR: Invalid call. Nonexistent function 'new' in base 'GDScript'.
   at: CardCatalog.validate (res://scripts/cards/card_catalog.gd:112)
   GDScript backtrace (most recent call first):
       [0] validate (res://scripts/cards/card_catalog.gd:112)
       [1] start (res://scripts/run/three_round_encounter_session.gd:54)
       [2] _create_normal_room (res://scripts/run/area_run_session.gd:442)
       [3] select_route (res://scripts/run/area_run_session.gd:157)
       [4] _complete_run (res://tests/mirror_hall_area_run_test.gd:115)
       [5] _test_same_seed_replays_full_completion (res://tests/mirror_hall_area_run_test.gd:48)
       [6] run (res://tests/mirror_hall_area_run_test.gd:8)
       [7] _run_all (res://tests/run_all.gd:27)
SCRIPT ERROR: Invalid call. Nonexistent function 'new' in base 'GDScript'.
   at: ThreeRoundEncounterSession._validate_setup (res://scripts/run/three_round_encounter_session.gd:294)
   GDScript backtrace (most recent call first):
       [0] _validate_setup (res://scripts/run/three_round_encounter_session.gd:294)
       [1] start (res://scripts/run/three_round_encounter_session.gd:57)
       [2] _create_normal_room (res://scripts/run/area_run_session.gd:442)
       [3] select_route (res://scripts/run/area_run_session.gd:157)
       [4] _complete_run (res://tests/mirror_hall_area_run_test.gd:115)
       [5] _test_same_seed_replays_full_completion (res://tests/mirror_hall_area_run_test.gd:48)
       [6] run (res://tests/mirror_hall_area_run_test.gd:8)
       [7] _run_all (res://tests/run_all.gd:27)
SCRIPT ERROR: Invalid call. Nonexistent function 'new' in base 'GDScript'.
   at: CardCatalog.validate (res://scripts/cards/card_catalog.gd:112)
   GDScript backtrace (most recent call first):
       [0] validate (res://scripts/cards/card_catalog.gd:112)
       [1] start (res://scripts/run/three_round_encounter_session.gd:54)
       [2] _create_normal_room (res://scripts/run/area_run_session.gd:442)
       [3] select_route (res://scripts/run/area_run_session.gd:157)
       [4] _complete_run (res://tests/mirror_hall_area_run_test.gd:115)
       [5] _test_same_seed_replays_full_completion (res://tests/mirror_hall_area_run_test.gd:48)
       [6] run (res://tests/mirror_hall_area_run_test.gd:8)
       [7] _run_all (res://tests/run_all.gd:27)
SCRIPT ERROR: Invalid call. Nonexistent function 'new' in base 'GDScript'.
   at: ThreeRoundEncounterSession._validate_setup (res://scripts/run/three_round_encounter_session.gd:294)
   GDScript backtrace (most recent call first):
       [0] _validate_setup (res://scripts/run/three_round_encounter_session.gd:294)
       [1] start (res://scripts/run/three_round_encounter_session.gd:57)
       [2] _create_normal_room (res://scripts/run/area_run_session.gd:442)
       [3] select_route (res://scripts/run/area_run_session.gd:157)
       [4] _complete_run (res://tests/mirror_hall_area_run_test.gd:115)
       [5] _test_same_seed_replays_full_completion (res://tests/mirror_hall_area_run_test.gd:48)
       [6] run (res://tests/mirror_hall_area_run_test.gd:8)
       [7] _run_all (res://tests/run_all.gd:27)
SCRIPT ERROR: Invalid call. Nonexistent function 'new' in base 'GDScript'.
   at: CardCatalog.validate (res://scripts/cards/card_catalog.gd:112)
   GDScript backtrace (most recent call first):
       [0] validate (res://scripts/cards/card_catalog.gd:112)
       [1] start (res://scripts/run/three_round_encounter_session.gd:54)
       [2] _create_dealer (res://scripts/run/area_run_session.gd:478)
       [3] leave_shop (res://scripts/run/area_run_session.gd:312)
       [4] _complete_run (res://tests/mirror_hall_area_run_test.gd:126)
       [5] _test_same_seed_replays_full_completion (res://tests/mirror_hall_area_run_test.gd:48)
       [6] run (res://tests/mirror_hall_area_run_test.gd:8)
       [7] _run_all (res://tests/run_all.gd:27)
SCRIPT ERROR: Invalid call. Nonexistent function 'new' in base 'GDScript'.
   at: ThreeRoundEncounterSession._validate_setup (res://scripts/run/three_round_encounter_session.gd:294)
   GDScript backtrace (most recent call first):
       [0] _validate_setup (res://scripts/run/three_round_encounter_session.gd:294)
       [1] start (res://scripts/run/three_round_encounter_session.gd:57)
       [2] _create_dealer (res://scripts/run/area_run_session.gd:478)
       [3] leave_shop (res://scripts/run/area_run_session.gd:312)
       [4] _complete_run (res://tests/mirror_hall_area_run_test.gd:126)
       [5] _test_same_seed_replays_full_completion (res://tests/mirror_hall_area_run_test.gd:48)
       [6] run (res://tests/mirror_hall_area_run_test.gd:8)
       [7] _run_all (res://tests/run_all.gd:27)
SCRIPT ERROR: Invalid call. Nonexistent function 'new' in base 'GDScript'.
   at: CardCatalog.validate (res://scripts/cards/card_catalog.gd:112)
   GDScript backtrace (most recent call first):
       [0] validate (res://scripts/cards/card_catalog.gd:112)
       [1] start (res://scripts/run/area_run_session.gd:73)
       [2] _complete_run (res://tests/mirror_hall_area_run_test.gd:112)
       [3] _test_same_seed_replays_full_completion (res://tests/mirror_hall_area_run_test.gd:52)
       [4] run (res://tests/mirror_hall_area_run_test.gd:8)
       [5] _run_all (res://tests/run_all.gd:27)
SCRIPT ERROR: Invalid call. Nonexistent function 'new' in base 'GDScript'.
   at: DealerCatalog.validate (res://scripts/dealers/dealer_catalog.gd:57)
   GDScript backtrace (most recent call first):
       [0] validate (res://scripts/dealers/dealer_catalog.gd:57)
       [1] start (res://scripts/run/area_run_session.gd:74)
       [2] _complete_run (res://tests/mirror_hall_area_run_test.gd:112)
       [3] _test_same_seed_replays_full_completion (res://tests/mirror_hall_area_run_test.gd:52)
       [4] run (res://tests/mirror_hall_area_run_test.gd:8)
       [5] _run_all (res://tests/run_all.gd:27)
SCRIPT ERROR: Invalid call. Nonexistent function 'new' in base 'GDScript'.
   at: EngravingCatalog.validate (res://scripts/engravings/engraving_catalog.gd:78)
   GDScript backtrace (most recent call first):
       [0] validate (res://scripts/engravings/engraving_catalog.gd:78)
       [1] start (res://scripts/run/area_run_session.gd:75)
       [2] _complete_run (res://tests/mirror_hall_area_run_test.gd:112)
       [3] _test_same_seed_replays_full_completion (res://tests/mirror_hall_area_run_test.gd:52)
       [4] run (res://tests/mirror_hall_area_run_test.gd:8)
       [5] _run_all (res://tests/run_all.gd:27)
SCRIPT ERROR: Invalid call. Nonexistent function 'new' in base 'GDScript'.
   at: AreaDefinition.validate (res://scripts/areas/area_definition.gd:60)
   GDScript backtrace (most recent call first):
       [0] validate (res://scripts/areas/area_definition.gd:60)
       [1] start (res://scripts/run/area_run_session.gd:79)
       [2] _complete_run (res://tests/mirror_hall_area_run_test.gd:112)
       [3] _test_same_seed_replays_full_completion (res://tests/mirror_hall_area_run_test.gd:52)
       [4] run (res://tests/mirror_hall_area_run_test.gd:8)
       [5] _run_all (res://tests/run_all.gd:27)
SCRIPT ERROR: Invalid call. Nonexistent function 'new' in base 'GDScript'.
   at: CardCatalog.validate (res://scripts/cards/card_catalog.gd:112)
   GDScript backtrace (most recent call first):
       [0] validate (res://scripts/cards/card_catalog.gd:112)
       [1] start (res://scripts/run/three_round_encounter_session.gd:54)
       [2] _create_normal_room (res://scripts/run/area_run_session.gd:442)
       [3] select_route (res://scripts/run/area_run_session.gd:157)
       [4] _complete_run (res://tests/mirror_hall_area_run_test.gd:115)
       [5] _test_same_seed_replays_full_completion (res://tests/mirror_hall_area_run_test.gd:52)
       [6] run (res://tests/mirror_hall_area_run_test.gd:8)
       [7] _run_all (res://tests/run_all.gd:27)
SCRIPT ERROR: Invalid call. Nonexistent function 'new' in base 'GDScript'.
   at: ThreeRoundEncounterSession._validate_setup (res://scripts/run/three_round_encounter_session.gd:294)
   GDScript backtrace (most recent call first):
       [0] _validate_setup (res://scripts/run/three_round_encounter_session.gd:294)
       [1] start (res://scripts/run/three_round_encounter_session.gd:57)
       [2] _create_normal_room (res://scripts/run/area_run_session.gd:442)
       [3] select_route (res://scripts/run/area_run_session.gd:157)
       [4] _complete_run (res://tests/mirror_hall_area_run_test.gd:115)
       [5] _test_same_seed_replays_full_completion (res://tests/mirror_hall_area_run_test.gd:52)
       [6] run (res://tests/mirror_hall_area_run_test.gd:8)
       [7] _run_all (res://tests/run_all.gd:27)
SCRIPT ERROR: Invalid call. Nonexistent function 'new' in base 'GDScript'.
   at: CardCatalog.validate (res://scripts/cards/card_catalog.gd:112)
   GDScript backtrace (most recent call first):
       [0] validate (res://scripts/cards/card_catalog.gd:112)
       [1] start (res://scripts/run/three_round_encounter_session.gd:54)
       [2] _create_normal_room (res://scripts/run/area_run_session.gd:442)
       [3] select_route (res://scripts/run/area_run_session.gd:157)
       [4] _complete_run (res://tests/mirror_hall_area_run_test.gd:115)
       [5] _test_same_seed_replays_full_completion (res://tests/mirror_hall_area_run_test.gd:52)
       [6] run (res://tests/mirror_hall_area_run_test.gd:8)
       [7] _run_all (res://tests/run_all.gd:27)
SCRIPT ERROR: Invalid call. Nonexistent function 'new' in base 'GDScript'.
   at: ThreeRoundEncounterSession._validate_setup (res://scripts/run/three_round_encounter_session.gd:294)
   GDScript backtrace (most recent call first):
       [0] _validate_setup (res://scripts/run/three_round_encounter_session.gd:294)
       [1] start (res://scripts/run/three_round_encounter_session.gd:57)
       [2] _create_normal_room (res://scripts/run/area_run_session.gd:442)
       [3] select_route (res://scripts/run/area_run_session.gd:157)
       [4] _complete_run (res://tests/mirror_hall_area_run_test.gd:115)
       [5] _test_same_seed_replays_full_completion (res://tests/mirror_hall_area_run_test.gd:52)
       [6] run (res://tests/mirror_hall_area_run_test.gd:8)
       [7] _run_all (res://tests/run_all.gd:27)
SCRIPT ERROR: Invalid call. Nonexistent function 'new' in base 'GDScript'.
   at: CardCatalog.validate (res://scripts/cards/card_catalog.gd:112)
   GDScript backtrace (most recent call first):
       [0] validate (res://scripts/cards/card_catalog.gd:112)
       [1] start (res://scripts/run/three_round_encounter_session.gd:54)
       [2] _create_dealer (res://scripts/run/area_run_session.gd:478)
       [3] leave_shop (res://scripts/run/area_run_session.gd:312)
       [4] _complete_run (res://tests/mirror_hall_area_run_test.gd:126)
       [5] _test_same_seed_replays_full_completion (res://tests/mirror_hall_area_run_test.gd:52)
       [6] run (res://tests/mirror_hall_area_run_test.gd:8)
       [7] _run_all (res://tests/run_all.gd:27)
SCRIPT ERROR: Invalid call. Nonexistent function 'new' in base 'GDScript'.
   at: ThreeRoundEncounterSession._validate_setup (res://scripts/run/three_round_encounter_session.gd:294)
   GDScript backtrace (most recent call first):
       [0] _validate_setup (res://scripts/run/three_round_encounter_session.gd:294)
       [1] start (res://scripts/run/three_round_encounter_session.gd:57)
       [2] _create_dealer (res://scripts/run/area_run_session.gd:478)
       [3] leave_shop (res://scripts/run/area_run_session.gd:312)
       [4] _complete_run (res://tests/mirror_hall_area_run_test.gd:126)
       [5] _test_same_seed_replays_full_completion (res://tests/mirror_hall_area_run_test.gd:52)
       [6] run (res://tests/mirror_hall_area_run_test.gd:8)
       [7] _run_all (res://tests/run_all.gd:27)
SCRIPT ERROR: Invalid call. Nonexistent function 'new' in base 'GDScript'.
   at: CardCatalog.validate (res://scripts/cards/card_catalog.gd:112)
   GDScript backtrace (most recent call first):
       [0] validate (res://scripts/cards/card_catalog.gd:112)
       [1] start (res://scripts/run/area_run_session.gd:73)
       [2] _complete_run (res://tests/mirror_hall_area_run_test.gd:112)
       [3] _test_restart_restores_fixed_build (res://tests/mirror_hall_area_run_test.gd:64)
       [4] run (res://tests/mirror_hall_area_run_test.gd:9)
       [5] _run_all (res://tests/run_all.gd:27)
SCRIPT ERROR: Invalid call. Nonexistent function 'new' in base 'GDScript'.
   at: DealerCatalog.validate (res://scripts/dealers/dealer_catalog.gd:57)
   GDScript backtrace (most recent call first):
       [0] validate (res://scripts/dealers/dealer_catalog.gd:57)
       [1] start (res://scripts/run/area_run_session.gd:74)
       [2] _complete_run (res://tests/mirror_hall_area_run_test.gd:112)
       [3] _test_restart_restores_fixed_build (res://tests/mirror_hall_area_run_test.gd:64)
       [4] run (res://tests/mirror_hall_area_run_test.gd:9)
       [5] _run_all (res://tests/run_all.gd:27)
SCRIPT ERROR: Invalid call. Nonexistent function 'new' in base 'GDScript'.
   at: EngravingCatalog.validate (res://scripts/engravings/engraving_catalog.gd:78)
   GDScript backtrace (most recent call first):
       [0] validate (res://scripts/engravings/engraving_catalog.gd:78)
       [1] start (res://scripts/run/area_run_session.gd:75)
       [2] _complete_run (res://tests/mirror_hall_area_run_test.gd:112)
       [3] _test_restart_restores_fixed_build (res://tests/mirror_hall_area_run_test.gd:64)
       [4] run (res://tests/mirror_hall_area_run_test.gd:9)
       [5] _run_all (res://tests/run_all.gd:27)
SCRIPT ERROR: Invalid call. Nonexistent function 'new' in base 'GDScript'.
   at: AreaDefinition.validate (res://scripts/areas/area_definition.gd:60)
   GDScript backtrace (most recent call first):
       [0] validate (res://scripts/areas/area_definition.gd:60)
       [1] start (res://scripts/run/area_run_session.gd:79)
       [2] _complete_run (res://tests/mirror_hall_area_run_test.gd:112)
       [3] _test_restart_restores_fixed_build (res://tests/mirror_hall_area_run_test.gd:64)
       [4] run (res://tests/mirror_hall_area_run_test.gd:9)
       [5] _run_all (res://tests/run_all.gd:27)
SCRIPT ERROR: Invalid call. Nonexistent function 'new' in base 'GDScript'.
   at: CardCatalog.validate (res://scripts/cards/card_catalog.gd:112)
   GDScript backtrace (most recent call first):
       [0] validate (res://scripts/cards/card_catalog.gd:112)
       [1] start (res://scripts/run/three_round_encounter_session.gd:54)
       [2] _create_normal_room (res://scripts/run/area_run_session.gd:442)
       [3] select_route (res://scripts/run/area_run_session.gd:157)
       [4] _complete_run (res://tests/mirror_hall_area_run_test.gd:115)
       [5] _test_restart_restores_fixed_build (res://tests/mirror_hall_area_run_test.gd:64)
       [6] run (res://tests/mirror_hall_area_run_test.gd:9)
       [7] _run_all (res://tests/run_all.gd:27)
SCRIPT ERROR: Invalid call. Nonexistent function 'new' in base 'GDScript'.
   at: ThreeRoundEncounterSession._validate_setup (res://scripts/run/three_round_encounter_session.gd:294)
   GDScript backtrace (most recent call first):
       [0] _validate_setup (res://scripts/run/three_round_encounter_session.gd:294)
       [1] start (res://scripts/run/three_round_encounter_session.gd:57)
       [2] _create_normal_room (res://scripts/run/area_run_session.gd:442)
       [3] select_route (res://scripts/run/area_run_session.gd:157)
       [4] _complete_run (res://tests/mirror_hall_area_run_test.gd:115)
       [5] _test_restart_restores_fixed_build (res://tests/mirror_hall_area_run_test.gd:64)
       [6] run (res://tests/mirror_hall_area_run_test.gd:9)
       [7] _run_all (res://tests/run_all.gd:27)
SCRIPT ERROR: Invalid call. Nonexistent function 'new' in base 'GDScript'.
   at: CardCatalog.validate (res://scripts/cards/card_catalog.gd:112)
   GDScript backtrace (most recent call first):
       [0] validate (res://scripts/cards/card_catalog.gd:112)
       [1] start (res://scripts/run/three_round_encounter_session.gd:54)
       [2] _create_normal_room (res://scripts/run/area_run_session.gd:442)
       [3] select_route (res://scripts/run/area_run_session.gd:157)
       [4] _complete_run (res://tests/mirror_hall_area_run_test.gd:115)
       [5] _test_restart_restores_fixed_build (res://tests/mirror_hall_area_run_test.gd:64)
       [6] run (res://tests/mirror_hall_area_run_test.gd:9)
       [7] _run_all (res://tests/run_all.gd:27)
SCRIPT ERROR: Invalid call. Nonexistent function 'new' in base 'GDScript'.
   at: ThreeRoundEncounterSession._validate_setup (res://scripts/run/three_round_encounter_session.gd:294)
   GDScript backtrace (most recent call first):
       [0] _validate_setup (res://scripts/run/three_round_encounter_session.gd:294)
       [1] start (res://scripts/run/three_round_encounter_session.gd:57)
       [2] _create_normal_room (res://scripts/run/area_run_session.gd:442)
       [3] select_route (res://scripts/run/area_run_session.gd:157)
       [4] _complete_run (res://tests/mirror_hall_area_run_test.gd:115)
       [5] _test_restart_restores_fixed_build (res://tests/mirror_hall_area_run_test.gd:64)
       [6] run (res://tests/mirror_hall_area_run_test.gd:9)
       [7] _run_all (res://tests/run_all.gd:27)
SCRIPT ERROR: Invalid call. Nonexistent function 'new' in base 'GDScript'.
   at: CardCatalog.validate (res://scripts/cards/card_catalog.gd:112)
   GDScript backtrace (most recent call first):
       [0] validate (res://scripts/cards/card_catalog.gd:112)
       [1] start (res://scripts/run/three_round_encounter_session.gd:54)
       [2] _create_dealer (res://scripts/run/area_run_session.gd:478)
       [3] leave_shop (res://scripts/run/area_run_session.gd:312)
       [4] _complete_run (res://tests/mirror_hall_area_run_test.gd:126)
       [5] _test_restart_restores_fixed_build (res://tests/mirror_hall_area_run_test.gd:64)
       [6] run (res://tests/mirror_hall_area_run_test.gd:9)
       [7] _run_all (res://tests/run_all.gd:27)
SCRIPT ERROR: Invalid call. Nonexistent function 'new' in base 'GDScript'.
   at: ThreeRoundEncounterSession._validate_setup (res://scripts/run/three_round_encounter_session.gd:294)
   GDScript backtrace (most recent call first):
       [0] _validate_setup (res://scripts/run/three_round_encounter_session.gd:294)
       [1] start (res://scripts/run/three_round_encounter_session.gd:57)
       [2] _create_dealer (res://scripts/run/area_run_session.gd:478)
       [3] leave_shop (res://scripts/run/area_run_session.gd:312)
       [4] _complete_run (res://tests/mirror_hall_area_run_test.gd:126)
       [5] _test_restart_restores_fixed_build (res://tests/mirror_hall_area_run_test.gd:64)
       [6] run (res://tests/mirror_hall_area_run_test.gd:9)
       [7] _run_all (res://tests/run_all.gd:27)
SCRIPT ERROR: Invalid call. Nonexistent function 'new' in base 'GDScript'.
   at: CardCatalog.validate (res://scripts/cards/card_catalog.gd:112)
   GDScript backtrace (most recent call first):
       [0] validate (res://scripts/cards/card_catalog.gd:112)
       [1] start (res://scripts/run/area_run_session.gd:73)
       [2] restart (res://scripts/run/area_run_session.gd:420)
       [3] _test_restart_restores_fixed_build (res://tests/mirror_hall_area_run_test.gd:68)
       [4] run (res://tests/mirror_hall_area_run_test.gd:9)
       [5] _run_all (res://tests/run_all.gd:27)
SCRIPT ERROR: Invalid call. Nonexistent function 'new' in base 'GDScript'.
   at: DealerCatalog.validate (res://scripts/dealers/dealer_catalog.gd:57)
   GDScript backtrace (most recent call first):
       [0] validate (res://scripts/dealers/dealer_catalog.gd:57)
       [1] start (res://scripts/run/area_run_session.gd:74)
       [2] restart (res://scripts/run/area_run_session.gd:420)
       [3] _test_restart_restores_fixed_build (res://tests/mirror_hall_area_run_test.gd:68)
       [4] run (res://tests/mirror_hall_area_run_test.gd:9)
       [5] _run_all (res://tests/run_all.gd:27)
SCRIPT ERROR: Invalid call. Nonexistent function 'new' in base 'GDScript'.
   at: EngravingCatalog.validate (res://scripts/engravings/engraving_catalog.gd:78)
   GDScript backtrace (most recent call first):
       [0] validate (res://scripts/engravings/engraving_catalog.gd:78)
       [1] start (res://scripts/run/area_run_session.gd:75)
       [2] restart (res://scripts/run/area_run_session.gd:420)
       [3] _test_restart_restores_fixed_build (res://tests/mirror_hall_area_run_test.gd:68)
       [4] run (res://tests/mirror_hall_area_run_test.gd:9)
       [5] _run_all (res://tests/run_all.gd:27)
SCRIPT ERROR: Invalid call. Nonexistent function 'new' in base 'GDScript'.
   at: AreaDefinition.validate (res://scripts/areas/area_definition.gd:60)
   GDScript backtrace (most recent call first):
       [0] validate (res://scripts/areas/area_definition.gd:60)
       [1] start (res://scripts/run/area_run_session.gd:79)
       [2] restart (res://scripts/run/area_run_session.gd:420)
       [3] _test_restart_restores_fixed_build (res://tests/mirror_hall_area_run_test.gd:68)
       [4] run (res://tests/mirror_hall_area_run_test.gd:9)
       [5] _run_all (res://tests/run_all.gd:27)
SCRIPT ERROR: Invalid call. Nonexistent function 'new' in base 'GDScript'.
   at: CardCatalog.validate (res://scripts/cards/card_catalog.gd:112)
   GDScript backtrace (most recent call first):
       [0] validate (res://scripts/cards/card_catalog.gd:112)
       [1] start (res://scripts/run/area_run_session.gd:73)
       [2] _test_invalid_definition_is_atomic (res://tests/mirror_hall_area_run_test.gd:82)
       [3] run (res://tests/mirror_hall_area_run_test.gd:10)
       [4] _run_all (res://tests/run_all.gd:27)
SCRIPT ERROR: Invalid call. Nonexistent function 'new' in base 'GDScript'.
   at: DealerCatalog.validate (res://scripts/dealers/dealer_catalog.gd:57)
   GDScript backtrace (most recent call first):
       [0] validate (res://scripts/dealers/dealer_catalog.gd:57)
       [1] start (res://scripts/run/area_run_session.gd:74)
       [2] _test_invalid_definition_is_atomic (res://tests/mirror_hall_area_run_test.gd:82)
       [3] run (res://tests/mirror_hall_area_run_test.gd:10)
       [4] _run_all (res://tests/run_all.gd:27)
SCRIPT ERROR: Invalid call. Nonexistent function 'new' in base 'GDScript'.
   at: EngravingCatalog.validate (res://scripts/engravings/engraving_catalog.gd:78)
   GDScript backtrace (most recent call first):
       [0] validate (res://scripts/engravings/engraving_catalog.gd:78)
       [1] start (res://scripts/run/area_run_session.gd:75)
       [2] _test_invalid_definition_is_atomic (res://tests/mirror_hall_area_run_test.gd:82)
       [3] run (res://tests/mirror_hall_area_run_test.gd:10)
       [4] _run_all (res://tests/run_all.gd:27)
SCRIPT ERROR: Invalid call. Nonexistent function 'new' in base 'GDScript'.
   at: AreaDefinition.validate (res://scripts/areas/area_definition.gd:60)
   GDScript backtrace (most recent call first):
       [0] validate (res://scripts/areas/area_definition.gd:60)
       [1] start (res://scripts/run/area_run_session.gd:79)
       [2] _test_invalid_definition_is_atomic (res://tests/mirror_hall_area_run_test.gd:82)
       [3] run (res://tests/mirror_hall_area_run_test.gd:10)
       [4] _run_all (res://tests/run_all.gd:27)
SCRIPT ERROR: Invalid call. Nonexistent function 'new' in base 'GDScript'.
   at: CardCatalog.validate (res://scripts/cards/card_catalog.gd:112)
   GDScript backtrace (most recent call first):
       [0] validate (res://scripts/cards/card_catalog.gd:112)
       [1] start (res://scripts/run/area_run_session.gd:73)
       [2] _test_shop_shortage_is_atomic (res://tests/mirror_hall_area_run_test.gd:91)
       [3] run (res://tests/mirror_hall_area_run_test.gd:11)
       [4] _run_all (res://tests/run_all.gd:27)
SCRIPT ERROR: Invalid call. Nonexistent function 'new' in base 'GDScript'.
   at: DealerCatalog.validate (res://scripts/dealers/dealer_catalog.gd:57)
   GDScript backtrace (most recent call first):
       [0] validate (res://scripts/dealers/dealer_catalog.gd:57)
       [1] start (res://scripts/run/area_run_session.gd:74)
       [2] _test_shop_shortage_is_atomic (res://tests/mirror_hall_area_run_test.gd:91)
       [3] run (res://tests/mirror_hall_area_run_test.gd:11)
       [4] _run_all (res://tests/run_all.gd:27)
SCRIPT ERROR: Invalid call. Nonexistent function 'new' in base 'GDScript'.
   at: EngravingCatalog.validate (res://scripts/engravings/engraving_catalog.gd:78)
   GDScript backtrace (most recent call first):
       [0] validate (res://scripts/engravings/engraving_catalog.gd:78)
       [1] start (res://scripts/run/area_run_session.gd:75)
       [2] _test_shop_shortage_is_atomic (res://tests/mirror_hall_area_run_test.gd:91)
       [3] run (res://tests/mirror_hall_area_run_test.gd:11)
       [4] _run_all (res://tests/run_all.gd:27)
SCRIPT ERROR: Invalid call. Nonexistent function 'new' in base 'GDScript'.
   at: AreaDefinition.validate (res://scripts/areas/area_definition.gd:60)
   GDScript backtrace (most recent call first):
       [0] validate (res://scripts/areas/area_definition.gd:60)
       [1] start (res://scripts/run/area_run_session.gd:79)
       [2] _test_shop_shortage_is_atomic (res://tests/mirror_hall_area_run_test.gd:91)
       [3] run (res://tests/mirror_hall_area_run_test.gd:11)
       [4] _run_all (res://tests/run_all.gd:27)
SCRIPT ERROR: Invalid call. Nonexistent function 'new' in base 'GDScript'.
   at: CardCatalog.validate (res://scripts/cards/card_catalog.gd:112)
   GDScript backtrace (most recent call first):
       [0] validate (res://scripts/cards/card_catalog.gd:112)
       [1] start (res://scripts/run/area_run_session.gd:73)
       [2] _test_mismatched_report_is_atomic (res://tests/mirror_hall_area_run_test.gd:98)
       [3] run (res://tests/mirror_hall_area_run_test.gd:12)
       [4] _run_all (res://tests/run_all.gd:27)
SCRIPT ERROR: Invalid call. Nonexistent function 'new' in base 'GDScript'.
   at: DealerCatalog.validate (res://scripts/dealers/dealer_catalog.gd:57)
   GDScript backtrace (most recent call first):
       [0] validate (res://scripts/dealers/dealer_catalog.gd:57)
       [1] start (res://scripts/run/area_run_session.gd:74)
       [2] _test_mismatched_report_is_atomic (res://tests/mirror_hall_area_run_test.gd:98)
       [3] run (res://tests/mirror_hall_area_run_test.gd:12)
       [4] _run_all (res://tests/run_all.gd:27)
SCRIPT ERROR: Invalid call. Nonexistent function 'new' in base 'GDScript'.
   at: EngravingCatalog.validate (res://scripts/engravings/engraving_catalog.gd:78)
   GDScript backtrace (most recent call first):
       [0] validate (res://scripts/engravings/engraving_catalog.gd:78)
       [1] start (res://scripts/run/area_run_session.gd:75)
       [2] _test_mismatched_report_is_atomic (res://tests/mirror_hall_area_run_test.gd:98)
       [3] run (res://tests/mirror_hall_area_run_test.gd:12)
       [4] _run_all (res://tests/run_all.gd:27)
SCRIPT ERROR: Invalid call. Nonexistent function 'new' in base 'GDScript'.
   at: AreaDefinition.validate (res://scripts/areas/area_definition.gd:60)
   GDScript backtrace (most recent call first):
       [0] validate (res://scripts/areas/area_definition.gd:60)
       [1] start (res://scripts/run/area_run_session.gd:79)
       [2] _test_mismatched_report_is_atomic (res://tests/mirror_hall_area_run_test.gd:98)
       [3] run (res://tests/mirror_hall_area_run_test.gd:12)
       [4] _run_all (res://tests/run_all.gd:27)
SCRIPT ERROR: Invalid call. Nonexistent function 'new' in base 'GDScript'.
   at: CardCatalog.validate (res://scripts/cards/card_catalog.gd:112)
   GDScript backtrace (most recent call first):
       [0] validate (res://scripts/cards/card_catalog.gd:112)
       [1] start (res://scripts/run/three_round_encounter_session.gd:54)
       [2] _create_normal_room (res://scripts/run/area_run_session.gd:442)
       [3] select_route (res://scripts/run/area_run_session.gd:157)
       [4] _test_mismatched_report_is_atomic (res://tests/mirror_hall_area_run_test.gd:99)
       [5] run (res://tests/mirror_hall_area_run_test.gd:12)
       [6] _run_all (res://tests/run_all.gd:27)
SCRIPT ERROR: Invalid call. Nonexistent function 'new' in base 'GDScript'.
   at: ThreeRoundEncounterSession._validate_setup (res://scripts/run/three_round_encounter_session.gd:294)
   GDScript backtrace (most recent call first):
       [0] _validate_setup (res://scripts/run/three_round_encounter_session.gd:294)
       [1] start (res://scripts/run/three_round_encounter_session.gd:57)
       [2] _create_normal_room (res://scripts/run/area_run_session.gd:442)
       [3] select_route (res://scripts/run/area_run_session.gd:157)
       [4] _test_mismatched_report_is_atomic (res://tests/mirror_hall_area_run_test.gd:99)
       [5] run (res://tests/mirror_hall_area_run_test.gd:12)
       [6] _run_all (res://tests/run_all.gd:27)
ERROR: mirror_hall_area_run_test.gd: next round should begin
   at: push_error (core/variant/variant_utility.cpp:1024)
   GDScript backtrace (most recent call first):
       [0] _run_all (res://tests/run_all.gd:32)
ERROR: mirror_hall_area_run_test.gd: report should be accepted
   at: push_error (core/variant/variant_utility.cpp:1024)
   GDScript backtrace (most recent call first):
       [0] _run_all (res://tests/run_all.gd:32)
ERROR: mirror_hall_area_run_test.gd: next round should begin
   at: push_error (core/variant/variant_utility.cpp:1024)
   GDScript backtrace (most recent call first):
       [0] _run_all (res://tests/run_all.gd:32)
ERROR: mirror_hall_area_run_test.gd: report should be accepted
   at: push_error (core/variant/variant_utility.cpp:1024)
   GDScript backtrace (most recent call first):
       [0] _run_all (res://tests/run_all.gd:32)
ERROR: mirror_hall_area_run_test.gd: next round should begin
   at: push_error (core/variant/variant_utility.cpp:1024)
   GDScript backtrace (most recent call first):
       [0] _run_all (res://tests/run_all.gd:32)
ERROR: mirror_hall_area_run_test.gd: report should be accepted
   at: push_error (core/variant/variant_utility.cpp:1024)
   GDScript backtrace (most recent call first):
       [0] _run_all (res://tests/run_all.gd:32)
ERROR: mirror_hall_area_run_test.gd: next round should begin
   at: push_error (core/variant/variant_utility.cpp:1024)
   GDScript backtrace (most recent call first):
       [0] _run_all (res://tests/run_all.gd:32)
ERROR: mirror_hall_area_run_test.gd: report should be accepted
   at: push_error (core/variant/variant_utility.cpp:1024)
   GDScript backtrace (most recent call first):
       [0] _run_all (res://tests/run_all.gd:32)
SCRIPT ERROR: Invalid call. Nonexistent function 'new' in base 'GDScript'.
   at: AreaDefinition.validate (res://scripts/areas/area_definition.gd:60)
   GDScript backtrace (most recent call first):
       [0] validate (res://scripts/areas/area_definition.gd:60)
       [1] run (res://tests/mirror_hall_content_catalog_test.gd:53)
       [2] _run_all (res://tests/run_all.gd:27)
SCRIPT ERROR: Invalid call. Nonexistent function 'new' in base 'GDScript'.
   at: AreaDefinition.validate (res://scripts/areas/area_definition.gd:60)
   GDScript backtrace (most recent call first):
       [0] validate (res://scripts/areas/area_definition.gd:60)
       [1] validate (res://scripts/areas/area_catalog.gd:56)
       [2] run (res://tests/mirror_hall_content_catalog_test.gd:54)
       [3] _run_all (res://tests/run_all.gd:27)
SCRIPT ERROR: Invalid call. Nonexistent function 'new' in base 'GDScript'.
   at: AreaDefinition.validate (res://scripts/areas/area_definition.gd:60)
   GDScript backtrace (most recent call first):
       [0] validate (res://scripts/areas/area_definition.gd:60)
       [1] validate (res://scripts/areas/area_catalog.gd:56)
       [2] run (res://tests/mirror_hall_content_catalog_test.gd:54)
       [3] _run_all (res://tests/run_all.gd:27)
SCRIPT ERROR: Invalid call. Nonexistent function 'new' in base 'GDScript'.
   at: AreaDefinition.validate (res://scripts/areas/area_definition.gd:60)
   GDScript backtrace (most recent call first):
       [0] validate (res://scripts/areas/area_definition.gd:60)
       [1] validate (res://scripts/areas/area_catalog.gd:56)
       [2] run (res://tests/mirror_hall_content_catalog_test.gd:54)
       [3] _run_all (res://tests/run_all.gd:27)
SCRIPT ERROR: Invalid call. Nonexistent function 'new' in base 'GDScript'.
   at: CardCatalog.validate (res://scripts/cards/card_catalog.gd:112)
   GDScript backtrace (most recent call first):
       [0] validate (res://scripts/cards/card_catalog.gd:112)
       [1] start (res://scripts/run/area_run_session.gd:73)
       [2] run (res://tests/mirror_hall_content_catalog_test.gd:114)
       [3] _run_all (res://tests/run_all.gd:27)
SCRIPT ERROR: Invalid call. Nonexistent function 'new' in base 'GDScript'.
   at: DealerCatalog.validate (res://scripts/dealers/dealer_catalog.gd:57)
   GDScript backtrace (most recent call first):
       [0] validate (res://scripts/dealers/dealer_catalog.gd:57)
       [1] start (res://scripts/run/area_run_session.gd:74)
       [2] run (res://tests/mirror_hall_content_catalog_test.gd:114)
       [3] _run_all (res://tests/run_all.gd:27)
SCRIPT ERROR: Invalid call. Nonexistent function 'new' in base 'GDScript'.
   at: EngravingCatalog.validate (res://scripts/engravings/engraving_catalog.gd:78)
   GDScript backtrace (most recent call first):
       [0] validate (res://scripts/engravings/engraving_catalog.gd:78)
       [1] start (res://scripts/run/area_run_session.gd:75)
       [2] run (res://tests/mirror_hall_content_catalog_test.gd:114)
       [3] _run_all (res://tests/run_all.gd:27)
SCRIPT ERROR: Invalid call. Nonexistent function 'new' in base 'GDScript'.
   at: AreaDefinition.validate (res://scripts/areas/area_definition.gd:60)
   GDScript backtrace (most recent call first):
       [0] validate (res://scripts/areas/area_definition.gd:60)
       [1] start (res://scripts/run/area_run_session.gd:79)
       [2] run (res://tests/mirror_hall_content_catalog_test.gd:114)
       [3] _run_all (res://tests/run_all.gd:27)
SCRIPT ERROR: Invalid call. Nonexistent function 'new' in base 'GDScript'.
   at: CardCatalog.validate (res://scripts/cards/card_catalog.gd:112)
   GDScript backtrace (most recent call first):
       [0] validate (res://scripts/cards/card_catalog.gd:112)
       [1] start (res://scripts/run/three_round_encounter_session.gd:54)
       [2] _create_normal_room (res://scripts/run/area_run_session.gd:442)
       [3] select_route (res://scripts/run/area_run_session.gd:157)
       [4] run (res://tests/mirror_hall_content_catalog_test.gd:115)
       [5] _run_all (res://tests/run_all.gd:27)
SCRIPT ERROR: Invalid call. Nonexistent function 'new' in base 'GDScript'.
   at: ThreeRoundEncounterSession._validate_setup (res://scripts/run/three_round_encounter_session.gd:294)
   GDScript backtrace (most recent call first):
       [0] _validate_setup (res://scripts/run/three_round_encounter_session.gd:294)
       [1] start (res://scripts/run/three_round_encounter_session.gd:57)
       [2] _create_normal_room (res://scripts/run/area_run_session.gd:442)
       [3] select_route (res://scripts/run/area_run_session.gd:157)
       [4] run (res://tests/mirror_hall_content_catalog_test.gd:115)
       [5] _run_all (res://tests/run_all.gd:27)
PASS mirror_hall_content_catalog_test.gd
PASS mirror_hall_guide_flow_test.gd
PASS mirror_hall_guide_progress_store_test.gd
SCRIPT ERROR: Invalid call. Nonexistent function 'new' in base 'GDScript'.
   at: _test_content_validator_accepts_gap_table_effects (res://tests/mirror_resolution_test.gd:144)
   GDScript backtrace (most recent call first):
       [0] _test_content_validator_accepts_gap_table_effects (res://tests/mirror_resolution_test.gd:144)
       [1] run (res://tests/mirror_resolution_test.gd:8)
       [2] _run_all (res://tests/run_all.gd:27)
SCRIPT ERROR: Invalid call. Nonexistent function 'new' in base 'GDScript'.
   at: _test_content_validator_rejects_forbidden_mirror_effects (res://tests/mirror_resolution_test.gd:156)
   GDScript backtrace (most recent call first):
       [0] _test_content_validator_rejects_forbidden_mirror_effects (res://tests/mirror_resolution_test.gd:156)
       [1] run (res://tests/mirror_resolution_test.gd:9)
       [2] _run_all (res://tests/run_all.gd:27)
PASS mirror_resolution_test.gd
WARNING: Unknown music context: unknown
   at: push_warning (core/variant/variant_utility.cpp:1034)
   GDScript backtrace (most recent call first):
       [0] play_context (res://scripts/audio/music_service.gd:96)
       [1] run (res://tests/music_service_test.gd:71)
       [2] _run_all (res://tests/run_all.gd:27)
PASS music_service_test.gd
PASS narrative_card_ui_contract_test.gd
SCRIPT ERROR: Invalid call. Nonexistent function 'new' in base 'GDScript'.
   at: CardCatalog.validate (res://scripts/cards/card_catalog.gd:112)
   GDScript backtrace (most recent call first):
       [0] validate (res://scripts/cards/card_catalog.gd:112)
       [1] start (res://scripts/run/three_round_encounter_session.gd:54)
       [2] _test_dynamic_round_count_and_fixed_hand (res://tests/nonstandard_activity_test.gd:57)
       [3] run (res://tests/nonstandard_activity_test.gd:5)
       [4] _run_all (res://tests/run_all.gd:27)
SCRIPT ERROR: Invalid call. Nonexistent function 'new' in base 'GDScript'.
   at: CardCatalog.validate (res://scripts/cards/card_catalog.gd:112)
   GDScript backtrace (most recent call first):
       [0] validate (res://scripts/cards/card_catalog.gd:112)
       [1] start (res://scripts/run/area_run_session.gd:73)
       [2] _test_area_session_uses_room_activity_setup (res://tests/nonstandard_activity_test.gd:97)
       [3] run (res://tests/nonstandard_activity_test.gd:6)
       [4] _run_all (res://tests/run_all.gd:27)
SCRIPT ERROR: Invalid call. Nonexistent function 'new' in base 'GDScript'.
   at: DealerCatalog.validate (res://scripts/dealers/dealer_catalog.gd:57)
   GDScript backtrace (most recent call first):
       [0] validate (res://scripts/dealers/dealer_catalog.gd:57)
       [1] start (res://scripts/run/area_run_session.gd:74)
       [2] _test_area_session_uses_room_activity_setup (res://tests/nonstandard_activity_test.gd:97)
       [3] run (res://tests/nonstandard_activity_test.gd:6)
       [4] _run_all (res://tests/run_all.gd:27)
SCRIPT ERROR: Invalid call. Nonexistent function 'new' in base 'GDScript'.
   at: EngravingCatalog.validate (res://scripts/engravings/engraving_catalog.gd:78)
   GDScript backtrace (most recent call first):
       [0] validate (res://scripts/engravings/engraving_catalog.gd:78)
       [1] start (res://scripts/run/area_run_session.gd:75)
       [2] _test_area_session_uses_room_activity_setup (res://tests/nonstandard_activity_test.gd:97)
       [3] run (res://tests/nonstandard_activity_test.gd:6)
       [4] _run_all (res://tests/run_all.gd:27)
SCRIPT ERROR: Invalid call. Nonexistent function 'new' in base 'GDScript'.
   at: AreaDefinition.validate (res://scripts/areas/area_definition.gd:60)
   GDScript backtrace (most recent call first):
       [0] validate (res://scripts/areas/area_definition.gd:60)
       [1] start (res://scripts/run/area_run_session.gd:79)
       [2] _test_area_session_uses_room_activity_setup (res://tests/nonstandard_activity_test.gd:97)
       [3] run (res://tests/nonstandard_activity_test.gd:6)
       [4] _run_all (res://tests/run_all.gd:27)
SCRIPT ERROR: Invalid call. Nonexistent function 'new' in base 'GDScript'.
   at: CardCatalog.validate (res://scripts/cards/card_catalog.gd:112)
   GDScript backtrace (most recent call first):
       [0] validate (res://scripts/cards/card_catalog.gd:112)
       [1] start (res://scripts/run/three_round_encounter_session.gd:54)
       [2] _create_normal_room (res://scripts/run/area_run_session.gd:442)
       [3] _test_area_session_uses_room_activity_setup (res://tests/nonstandard_activity_test.gd:98)
       [4] run (res://tests/nonstandard_activity_test.gd:6)
       [5] _run_all (res://tests/run_all.gd:27)
SCRIPT ERROR: Invalid call. Nonexistent function 'new' in base 'GDScript'.
   at: ThreeRoundEncounterSession._validate_setup (res://scripts/run/three_round_encounter_session.gd:294)
   GDScript backtrace (most recent call first):
       [0] _validate_setup (res://scripts/run/three_round_encounter_session.gd:294)
       [1] start (res://scripts/run/three_round_encounter_session.gd:57)
       [2] _create_normal_room (res://scripts/run/area_run_session.gd:442)
       [3] _test_area_session_uses_room_activity_setup (res://tests/nonstandard_activity_test.gd:98)
       [4] run (res://tests/nonstandard_activity_test.gd:6)
       [5] _run_all (res://tests/run_all.gd:27)
SCRIPT ERROR: Invalid call. Nonexistent function 'new' in base 'GDScript'.
   at: CardCatalog.validate (res://scripts/cards/card_catalog.gd:112)
   GDScript backtrace (most recent call first):
       [0] validate (res://scripts/cards/card_catalog.gd:112)
       [1] start (res://scripts/run/area_run_session.gd:73)
       [2] _test_area_session_uses_room_activity_setup (res://tests/nonstandard_activity_test.gd:97)
       [3] run (res://tests/nonstandard_activity_test.gd:6)
       [4] _run_all (res://tests/run_all.gd:27)
SCRIPT ERROR: Invalid call. Nonexistent function 'new' in base 'GDScript'.
   at: DealerCatalog.validate (res://scripts/dealers/dealer_catalog.gd:57)
   GDScript backtrace (most recent call first):
       [0] validate (res://scripts/dealers/dealer_catalog.gd:57)
       [1] start (res://scripts/run/area_run_session.gd:74)
       [2] _test_area_session_uses_room_activity_setup (res://tests/nonstandard_activity_test.gd:97)
       [3] run (res://tests/nonstandard_activity_test.gd:6)
       [4] _run_all (res://tests/run_all.gd:27)
SCRIPT ERROR: Invalid call. Nonexistent function 'new' in base 'GDScript'.
   at: EngravingCatalog.validate (res://scripts/engravings/engraving_catalog.gd:78)
   GDScript backtrace (most recent call first):
       [0] validate (res://scripts/engravings/engraving_catalog.gd:78)
       [1] start (res://scripts/run/area_run_session.gd:75)
       [2] _test_area_session_uses_room_activity_setup (res://tests/nonstandard_activity_test.gd:97)
       [3] run (res://tests/nonstandard_activity_test.gd:6)
       [4] _run_all (res://tests/run_all.gd:27)
SCRIPT ERROR: Invalid call. Nonexistent function 'new' in base 'GDScript'.
   at: AreaDefinition.validate (res://scripts/areas/area_definition.gd:60)
   GDScript backtrace (most recent call first):
       [0] validate (res://scripts/areas/area_definition.gd:60)
       [1] start (res://scripts/run/area_run_session.gd:79)
       [2] _test_area_session_uses_room_activity_setup (res://tests/nonstandard_activity_test.gd:97)
       [3] run (res://tests/nonstandard_activity_test.gd:6)
       [4] _run_all (res://tests/run_all.gd:27)
SCRIPT ERROR: Invalid call. Nonexistent function 'new' in base 'GDScript'.
   at: CardCatalog.validate (res://scripts/cards/card_catalog.gd:112)
   GDScript backtrace (most recent call first):
       [0] validate (res://scripts/cards/card_catalog.gd:112)
       [1] start (res://scripts/run/three_round_encounter_session.gd:54)
       [2] _create_normal_room (res://scripts/run/area_run_session.gd:442)
       [3] _test_area_session_uses_room_activity_setup (res://tests/nonstandard_activity_test.gd:98)
       [4] run (res://tests/nonstandard_activity_test.gd:6)
       [5] _run_all (res://tests/run_all.gd:27)
SCRIPT ERROR: Invalid call. Nonexistent function 'new' in base 'GDScript'.
   at: ThreeRoundEncounterSession._validate_setup (res://scripts/run/three_round_encounter_session.gd:294)
   GDScript backtrace (most recent call first):
       [0] _validate_setup (res://scripts/run/three_round_encounter_session.gd:294)
       [1] start (res://scripts/run/three_round_encounter_session.gd:57)
       [2] _create_normal_room (res://scripts/run/area_run_session.gd:442)
       [3] _test_area_session_uses_room_activity_setup (res://tests/nonstandard_activity_test.gd:98)
       [4] run (res://tests/nonstandard_activity_test.gd:6)
       [5] _run_all (res://tests/run_all.gd:27)
SCRIPT ERROR: Invalid call. Nonexistent function 'new' in base 'GDScript'.
   at: CardCatalog.validate (res://scripts/cards/card_catalog.gd:112)
   GDScript backtrace (most recent call first):
       [0] validate (res://scripts/cards/card_catalog.gd:112)
       [1] start (res://scripts/run/area_run_session.gd:73)
       [2] _test_area_session_uses_room_activity_setup (res://tests/nonstandard_activity_test.gd:97)
       [3] run (res://tests/nonstandard_activity_test.gd:6)
       [4] _run_all (res://tests/run_all.gd:27)
SCRIPT ERROR: Invalid call. Nonexistent function 'new' in base 'GDScript'.
   at: DealerCatalog.validate (res://scripts/dealers/dealer_catalog.gd:57)
   GDScript backtrace (most recent call first):
       [0] validate (res://scripts/dealers/dealer_catalog.gd:57)
       [1] start (res://scripts/run/area_run_session.gd:74)
       [2] _test_area_session_uses_room_activity_setup (res://tests/nonstandard_activity_test.gd:97)
       [3] run (res://tests/nonstandard_activity_test.gd:6)
       [4] _run_all (res://tests/run_all.gd:27)
SCRIPT ERROR: Invalid call. Nonexistent function 'new' in base 'GDScript'.
   at: EngravingCatalog.validate (res://scripts/engravings/engraving_catalog.gd:78)
   GDScript backtrace (most recent call first):
       [0] validate (res://scripts/engravings/engraving_catalog.gd:78)
       [1] start (res://scripts/run/area_run_session.gd:75)
       [2] _test_area_session_uses_room_activity_setup (res://tests/nonstandard_activity_test.gd:97)
       [3] run (res://tests/nonstandard_activity_test.gd:6)
       [4] _run_all (res://tests/run_all.gd:27)
SCRIPT ERROR: Invalid call. Nonexistent function 'new' in base 'GDScript'.
   at: AreaDefinition.validate (res://scripts/areas/area_definition.gd:60)
   GDScript backtrace (most recent call first):
       [0] validate (res://scripts/areas/area_definition.gd:60)
       [1] start (res://scripts/run/area_run_session.gd:79)
       [2] _test_area_session_uses_room_activity_setup (res://tests/nonstandard_activity_test.gd:97)
       [3] run (res://tests/nonstandard_activity_test.gd:6)
       [4] _run_all (res://tests/run_all.gd:27)
SCRIPT ERROR: Invalid call. Nonexistent function 'new' in base 'GDScript'.
   at: CardCatalog.validate (res://scripts/cards/card_catalog.gd:112)
   GDScript backtrace (most recent call first):
       [0] validate (res://scripts/cards/card_catalog.gd:112)
       [1] start (res://scripts/run/three_round_encounter_session.gd:54)
       [2] _create_normal_room (res://scripts/run/area_run_session.gd:442)
       [3] _test_area_session_uses_room_activity_setup (res://tests/nonstandard_activity_test.gd:98)
       [4] run (res://tests/nonstandard_activity_test.gd:6)
       [5] _run_all (res://tests/run_all.gd:27)
SCRIPT ERROR: Invalid call. Nonexistent function 'new' in base 'GDScript'.
   at: EncounterRoundPlan.validate (res://scripts/run/encounter_round_plan.gd:22)
   GDScript backtrace (most recent call first):
       [0] validate (res://scripts/run/encounter_round_plan.gd:22)
       [1] _validate_setup (res://scripts/run/three_round_encounter_session.gd:256)
       [2] start (res://scripts/run/three_round_encounter_session.gd:57)
       [3] _create_normal_room (res://scripts/run/area_run_session.gd:442)
       [4] _test_area_session_uses_room_activity_setup (res://tests/nonstandard_activity_test.gd:98)
       [5] run (res://tests/nonstandard_activity_test.gd:6)
       [6] _run_all (res://tests/run_all.gd:27)
SCRIPT ERROR: Invalid call. Nonexistent function 'new' in base 'GDScript'.
   at: EncounterRoundPlan.validate (res://scripts/run/encounter_round_plan.gd:22)
   GDScript backtrace (most recent call first):
       [0] validate (res://scripts/run/encounter_round_plan.gd:22)
       [1] _validate_setup (res://scripts/run/three_round_encounter_session.gd:256)
       [2] start (res://scripts/run/three_round_encounter_session.gd:57)
       [3] _create_normal_room (res://scripts/run/area_run_session.gd:442)
       [4] _test_area_session_uses_room_activity_setup (res://tests/nonstandard_activity_test.gd:98)
       [5] run (res://tests/nonstandard_activity_test.gd:6)
       [6] _run_all (res://tests/run_all.gd:27)
SCRIPT ERROR: Invalid call. Nonexistent function 'new' in base 'GDScript'.
   at: ThreeRoundEncounterSession._validate_setup (res://scripts/run/three_round_encounter_session.gd:294)
   GDScript backtrace (most recent call first):
       [0] _validate_setup (res://scripts/run/three_round_encounter_session.gd:294)
       [1] start (res://scripts/run/three_round_encounter_session.gd:57)
       [2] _create_normal_room (res://scripts/run/area_run_session.gd:442)
       [3] _test_area_session_uses_room_activity_setup (res://tests/nonstandard_activity_test.gd:98)
       [4] run (res://tests/nonstandard_activity_test.gd:6)
       [5] _run_all (res://tests/run_all.gd:27)
PASS nonstandard_activity_test.gd
SCRIPT ERROR: Invalid call. Nonexistent function 'new' in base 'GDScript'.
   at: CardCatalog.validate (res://scripts/cards/card_catalog.gd:112)
   GDScript backtrace (most recent call first):
       [0] validate (res://scripts/cards/card_catalog.gd:112)
       [1] start (res://scripts/run/three_round_encounter_session.gd:54)
       [2] _play_configured (res://tests/parameterized_three_round_session_test.gd:69)
       [3] run (res://tests/parameterized_three_round_session_test.gd:10)
       [4] _run_all (res://tests/run_all.gd:27)
SCRIPT ERROR: Invalid call. Nonexistent function 'new' in base 'GDScript'.
   at: ThreeRoundEncounterSession._validate_setup (res://scripts/run/three_round_encounter_session.gd:294)
   GDScript backtrace (most recent call first):
       [0] _validate_setup (res://scripts/run/three_round_encounter_session.gd:294)
       [1] start (res://scripts/run/three_round_encounter_session.gd:57)
       [2] _play_configured (res://tests/parameterized_three_round_session_test.gd:69)
       [3] run (res://tests/parameterized_three_round_session_test.gd:10)
       [4] _run_all (res://tests/run_all.gd:27)
SCRIPT ERROR: Invalid call. Nonexistent function 'new' in base 'GDScript'.
   at: CardCatalog.validate (res://scripts/cards/card_catalog.gd:112)
   GDScript backtrace (most recent call first):
       [0] validate (res://scripts/cards/card_catalog.gd:112)
       [1] start (res://scripts/run/three_round_encounter_session.gd:54)
       [2] _play_configured (res://tests/parameterized_three_round_session_test.gd:69)
       [3] run (res://tests/parameterized_three_round_session_test.gd:21)
       [4] _run_all (res://tests/run_all.gd:27)
SCRIPT ERROR: Invalid call. Nonexistent function 'new' in base 'GDScript'.
   at: ThreeRoundEncounterSession._validate_setup (res://scripts/run/three_round_encounter_session.gd:294)
   GDScript backtrace (most recent call first):
       [0] _validate_setup (res://scripts/run/three_round_encounter_session.gd:294)
       [1] start (res://scripts/run/three_round_encounter_session.gd:57)
       [2] _play_configured (res://tests/parameterized_three_round_session_test.gd:69)
       [3] run (res://tests/parameterized_three_round_session_test.gd:21)
       [4] _run_all (res://tests/run_all.gd:27)
SCRIPT ERROR: Invalid call. Nonexistent function 'new' in base 'GDScript'.
   at: CardCatalog.validate (res://scripts/cards/card_catalog.gd:112)
   GDScript backtrace (most recent call first):
       [0] validate (res://scripts/cards/card_catalog.gd:112)
       [1] start (res://scripts/run/three_round_encounter_session.gd:54)
       [2] run (res://tests/parameterized_three_round_session_test.gd:26)
       [3] _run_all (res://tests/run_all.gd:27)
SCRIPT ERROR: Invalid call. Nonexistent function 'new' in base 'GDScript'.
   at: CardCatalog.validate (res://scripts/cards/card_catalog.gd:112)
   GDScript backtrace (most recent call first):
       [0] validate (res://scripts/cards/card_catalog.gd:112)
       [1] start (res://scripts/run/three_round_encounter_session.gd:54)
       [2] run (res://tests/parameterized_three_round_session_test.gd:43)
       [3] _run_all (res://tests/run_all.gd:27)
PASS parameterized_three_round_session_test.gd
PASS resolution_playback_test.gd
PASS resolution_playback_ui_contract_test.gd
PASS resolution_test.gd
PASS rng_and_deck_test.gd
PASS round_actions_test.gd
PASS round_controller_test.gd
PASS round_restriction_evaluator_test.gd
SCRIPT ERROR: Invalid call. Nonexistent function 'new' in base 'GDScript'.
   at: RuleArchiveCatalog.validate (res://scripts/rules/rule_archive_catalog.gd:56)
   GDScript backtrace (most recent call first):
       [0] validate (res://scripts/rules/rule_archive_catalog.gd:56)
       [1] run (res://tests/rule_archive_catalog_test.gd:5)
       [2] _run_all (res://tests/run_all.gd:27)
PASS rule_archive_catalog_test.gd
PASS rule_archive_playability_test.gd
PASS rule_archive_ui_contract_test.gd
PASS rule_evaluator_test.gd
PASS rule_table_catalog_test.gd
PASS rule_table_content_migration_test.gd
SCRIPT ERROR: Invalid call. Nonexistent function 'new' in base 'GDScript'.
   at: _test_bridge_placement_validation (res://tests/rule_table_distortion_test.gd:110)
   GDScript backtrace (most recent call first):
       [0] _test_bridge_placement_validation (res://tests/rule_table_distortion_test.gd:110)
       [1] run (res://tests/rule_table_distortion_test.gd:12)
       [2] _run_all (res://tests/run_all.gd:27)
PASS rule_table_distortion_test.gd
PASS rule_table_evaluator_test.gd
SCRIPT ERROR: Invalid call. Nonexistent function 'new' in base 'GDScript'.
   at: @implicit_new (res://tests/rule_table_instance_validation_test.gd:4)
   GDScript backtrace (most recent call first):
       [0] @implicit_new (res://tests/rule_table_instance_validation_test.gd:4)
       [1] _run_all (res://tests/run_all.gd:26)
SCRIPT ERROR: Invalid call. Nonexistent function 'validate' in base 'Nil'.
   at: run (res://tests/rule_table_instance_validation_test.gd:9)
   GDScript backtrace (most recent call first):
       [0] run (res://tests/rule_table_instance_validation_test.gd:9)
       [1] _run_all (res://tests/run_all.gd:27)
PASS rule_table_instance_validation_test.gd
PASS rule_table_template_validation_test.gd
ERROR: ConfigFile parse error at C:/Users/Administrator/AppData/Local/Temp/project-joker-settings-store-5250353.cfg:0: Unexpected EOF while parsing simple tag.
   at: _parse (core/io/config_file.cpp:292)
   GDScript backtrace (most recent call first):
       [0] load_settings (res://scripts/settings/settings_store.gd:19)
       [1] _test_store_validation_and_round_trip (res://tests/settings_service_test.gd:172)
       [2] run (res://tests/settings_service_test.gd:57)
       [3] _run_all (res://tests/run_all.gd:27)
PASS settings_service_test.gd
SCRIPT ERROR: Invalid call. Nonexistent function 'new' in base 'GDScript'.
   at: CardCatalog.validate (res://scripts/cards/card_catalog.gd:112)
   GDScript backtrace (most recent call first):
       [0] validate (res://scripts/cards/card_catalog.gd:112)
       [1] start (res://scripts/run/three_round_encounter_session.gd:54)
       [2] start_run (res://scripts/ui/three_round_run_screen.gd:26)
       [3] _ready (res://scripts/ui/three_round_run_screen.gd:22)
       [4] _test_nested_host_has_one_active_entry (res://tests/settings_ui_contract_test.gd:104)
       [5] run (res://tests/settings_ui_contract_test.gd:16)
       [6] _run_all (res://tests/run_all.gd:27)
PASS settings_ui_contract_test.gd
WARNING: Unknown SFX cue: unknown_cue
   at: push_warning (core/variant/variant_utility.cpp:1034)
   GDScript backtrace (most recent call first):
       [0] play (res://scripts/audio/sfx_service.gd:239)
       [1] run (res://tests/sfx_service_test.gd:74)
       [2] _run_all (res://tests/run_all.gd:27)
PASS sfx_service_test.gd
PASS sfx_ui_contract_test.gd
PASS shop_intel_panel_test.gd
PASS shop_intel_snapshot_test.gd
PASS shop_session_test.gd
SCRIPT ERROR: Invalid call. Nonexistent function 'new' in base 'GDScript'.
   at: run (res://tests/single_encounter_fixture_test.gd:13)
   GDScript backtrace (most recent call first):
       [0] run (res://tests/single_encounter_fixture_test.gd:13)
       [1] _run_all (res://tests/run_all.gd:27)
PASS single_encounter_fixture_test.gd
PASS single_encounter_session_test.gd
PASS single_encounter_tutorial_flow_test.gd
SCRIPT ERROR: Invalid call. Nonexistent function 'new' in base 'GDScript'.
   at: CardCatalog.validate (res://scripts/cards/card_catalog.gd:112)
   GDScript backtrace (most recent call first):
       [0] validate (res://scripts/cards/card_catalog.gd:112)
       [1] run (res://tests/stage4_card_catalog_test.gd:7)
       [2] _run_all (res://tests/run_all.gd:27)
PASS stage4_card_catalog_test.gd
SCRIPT ERROR: Invalid call. Nonexistent function 'new' in base 'GDScript'.
   at: DealerCatalog.validate (res://scripts/dealers/dealer_catalog.gd:57)
   GDScript backtrace (most recent call first):
       [0] validate (res://scripts/dealers/dealer_catalog.gd:57)
       [1] run (res://tests/stage5_content_catalog_test.gd:6)
       [2] _run_all (res://tests/run_all.gd:27)
SCRIPT ERROR: Invalid call. Nonexistent function 'new' in base 'GDScript'.
   at: EngravingCatalog.validate (res://scripts/engravings/engraving_catalog.gd:78)
   GDScript backtrace (most recent call first):
       [0] validate (res://scripts/engravings/engraving_catalog.gd:78)
       [1] run (res://tests/stage5_content_catalog_test.gd:7)
       [2] _run_all (res://tests/run_all.gd:27)
PASS stage5_content_catalog_test.gd
SCRIPT ERROR: Invalid call. Nonexistent function 'new' in base 'GDScript'.
   at: CardCatalog.validate (res://scripts/cards/card_catalog.gd:112)
   GDScript backtrace (most recent call first):
       [0] validate (res://scripts/cards/card_catalog.gd:112)
       [1] start (res://scripts/run/three_round_encounter_session.gd:54)
       [2] _play_empty_run (res://tests/three_round_encounter_session_test.gd:42)
       [3] run (res://tests/three_round_encounter_session_test.gd:6)
       [4] _run_all (res://tests/run_all.gd:27)
SCRIPT ERROR: Invalid call. Nonexistent function 'new' in base 'GDScript'.
   at: CardCatalog.validate (res://scripts/cards/card_catalog.gd:112)
   GDScript backtrace (most recent call first):
       [0] validate (res://scripts/cards/card_catalog.gd:112)
       [1] start (res://scripts/run/three_round_encounter_session.gd:54)
       [2] _play_empty_run (res://tests/three_round_encounter_session_test.gd:42)
       [3] run (res://tests/three_round_encounter_session_test.gd:7)
       [4] _run_all (res://tests/run_all.gd:27)
SCRIPT ERROR: Invalid call. Nonexistent function 'new' in base 'GDScript'.
   at: CardCatalog.validate (res://scripts/cards/card_catalog.gd:112)
   GDScript backtrace (most recent call first):
       [0] validate (res://scripts/cards/card_catalog.gd:112)
       [1] start (res://scripts/run/three_round_encounter_session.gd:54)
       [2] _play_empty_run (res://tests/three_round_encounter_session_test.gd:42)
       [3] run (res://tests/three_round_encounter_session_test.gd:23)
       [4] _run_all (res://tests/run_all.gd:27)
SCRIPT ERROR: Invalid call. Nonexistent function 'new' in base 'GDScript'.
   at: CardCatalog.validate (res://scripts/cards/card_catalog.gd:112)
   GDScript backtrace (most recent call first):
       [0] validate (res://scripts/cards/card_catalog.gd:112)
       [1] start (res://scripts/run/three_round_encounter_session.gd:54)
       [2] _play_empty_run (res://tests/three_round_encounter_session_test.gd:42)
       [3] run (res://tests/three_round_encounter_session_test.gd:29)
       [4] _run_all (res://tests/run_all.gd:27)
SCRIPT ERROR: Invalid call. Nonexistent function 'new' in base 'GDScript'.
   at: CardCatalog.validate (res://scripts/cards/card_catalog.gd:112)
   GDScript backtrace (most recent call first):
       [0] validate (res://scripts/cards/card_catalog.gd:112)
       [1] start (res://scripts/run/three_round_encounter_session.gd:54)
       [2] _play_empty_run (res://tests/three_round_encounter_session_test.gd:42)
       [3] run (res://tests/three_round_encounter_session_test.gd:30)
       [4] _run_all (res://tests/run_all.gd:27)
PASS three_round_encounter_session_test.gd
PASS tutorial_progress_store_test.gd
PASS ui_component_contract_test.gd
ERROR: 33 TEST FAILURE(S)
   at: push_error (core/variant/variant_utility.cpp:1024)
   GDScript backtrace (most recent call first):
       [0] _run_all (res://tests/run_all.gd:39)
WARNING: ObjectDB instances leaked at exit (run with --verbose for details).
   at: cleanup (core/object/object.cpp:2641)
ERROR: 1 resources still in use at exit (run with --verbose for details).
   at: clear (core/io/resource.cpp:810)
